LON,LAT,EDO,CLAVE,ESTACION,01/10/18
-102.309722,21.895,AGS,AGSAG,"Aguascalientes, Ags.",119.54
-102.466944,22.188611,AGS,ANVAG,"Cincuenta Aniversario, Ags.",109.8
-102.712222,21.849167,AGS,CALVILLO,"Calvillo, Ags. SMN*",100.76
-102.676944,21.9975,AGS,CDRAG,"La Codorniz, Ags.",113
-102,21.896389,AGS,CNSAG,"Los Conos, Ags.",65.33
-102.296667,22.362778,AGS,CSOAG,"CosÌo, Ags.",51.63
-102.356944,22.121667,AGS,JCQAG,"Jocoque, Ags.",75.53
-102.788333,21.8075,AGS,MNLAG,"Media Luna, Ags.",45.02
-102.371667,21.78,AGS,NGRAG,"El Niagara, Ags.",89.33
-102.290556,21.850833,AGS,OBSAG,"Observatorio de Aguascalientes, Ags.",89.1
-102.465,22.189167,AGS,P50ANIV,"Presa Cincuenta Aniversario, Ags. SMN*",92.8
-102.291944,22.1625,AGS,PBLAG,"PabellÛn, Ags.",90.31
-102.417222,22.141111,AGS,PECAG,"Plutarco ElÌas Calles, Ags.",117
-102.133333,22.202778,AGS,PTOAG,"Puerto de la ConcepciÛn, Ags.",76.04
-102.4375,22.235,AGS,PTRAG,"Derivadora PabellÛn, Ags.",88.23
-116.204167,32.271944,BC,AGHBN,"Agua Hechicera, B.C.",0.6
-116.908333,32.444722,BC,ALRBN,"Abelardo L. RodrÌguez, B.C.",3.41
-114.719167,29.727222,BC,CATAVINA,"CataviÒa, B.C. SMN*",28.6
-116.696944,32.479444,BC,CRRBN,"El Carrizo, B.C.",3.1
-116.584444,32.243056,BC,CSRBN,"Carmen Serd·n, B.C.",2.4
-116.828333,32.468056,BC,EFLBN,"El Florido, B.C.",4.31
-116.6025,31.890278,BC,ELZBN,"Emilio LÛpez Zamora, B.C.",3.41
-115.931389,30.517222,BC,ENBBN,"San QuintÌn (Ejido Nuevo), B.C.",8.7
-115.15,32.411111,BC,ENLBN,"Ejido Nuevo LeÛn, B.C.",3.11
-116.302778,32.516389,BC,HNGBN,"El Hongo, B.C.",9.1
-114.728056,32.705,BC,JMRBN,"InterconexiÛn JosÈ MarÌa Morelos y PavÛn, B.C.",6.02
-116.811111,32.101944,BC,LAMBN,"La MisiÛn, B.C.",0.01
-115.27,32.39,BC,MXCBN,"Mexicali, B.C.",2.31
-114.729444,32.703889,BC,PDMBN,"Presa Derivadora Morelos, B.C.",6.02
-114.85,31.033333,BC,SFLBN,"San Felipe, B.C.",145.23
-111.658333,25.001389,BCS,CCNBS,"Ciudad ConstituciÛn, B.C.S.",10.4
-109.9125,22.881944,BCS,CSLBS,"Cabo San Lucas, B.C.S.",5
-113.420833,27.783333,BCS,DORBS,"DÌaz Ordaz, B.C.S.",37.51
-114.05,27.966667,BCS,GNGBS,"Guerrero Negro, B.C.S.",53.22
-109.697222,23.680556,BCS,LBABS,"Los Barriles, B.C.S.",0
-110.366667,24.15,BCS,LPZBS,"La Paz, B.C.S.",8.01
-111.341667,26.016667,BCS,LRTBS,"Loreto, B.C.S.",1.4
-112,26.866667,BCS,MLGBS,"Mulege, B.C.S.",18
-109.983333,24.066667,BCS,PLNBS,"Los Planes, B.C.S.",0
-109.55,23.583333,BCS,RBRBS,"La Ribera, B.C.S.",0
-110.05,23.8,BCS,SANBS,"San Antonio, B.C.S.",11.7
-109.983333,24.066667,BCS,SARBS,"El Sargento, B.C.S.",2
-109.843889,23.738333,BCS,SBABS,"San Bartolo, B.C.S.",32
-109.708333,23.118889,BCS,SJCBS,"San JosÈ del Cabo, B.C.S.",0.01
-109.998611,23.555556,BCS,SLAGUNA,"Sierra La Laguna, B.C.S. SMN*",44
-109.924444,22.888333,BCS,SLUBS,"Cabo San Lucas, B.C.S. SMN*",0
-109.716667,23.45,BCS,SNTBS,"Santiago, B.C.S.",10.9
-112.283333,27.3,BCS,SRLBS,"Santa RosalÌa, B.C.S.",15.5
-110.216667,23.433333,BCS,TSNBS,"Todos Santos, B.C.S.",4
-89.743889,20.003889,CAMP,BOLCA,"Bolonchen, Camp.",65.5
-90.575556,19.295,CAMP,CANCA,"Canasayab, Camp.",101.12
-91.761389,18.654167,CAMP,CARCA,"El Carmen, Camp.",421.13
-91.765278,18.658056,CAMP,CDCCA,"Ciudad del Carmen, Camp. SMN*",276
-90.72,19.361667,CAMP,CHMCA,"ChampotÛn, Camp.",144.52
-90.544167,19.838333,CAMP,CMPCA,"Campeche, Camp.",315.52
-91.046111,18.183056,CAMP,CNDCA,"Candelaria, Camp.",163.14
-90.507222,19.838611,CAMP,COBCA,"Observatorio de Campeche, Camp.",305.81
-89.723889,19.4625,CAMP,DZILBACHEN,"DzilbachÈn, Camp. SMN*",4.8
-90.741111,18.604444,CAMP,ESCCA,"Esc·rcega, Camp.",131.14
-90.105556,20.184167,CAMP,HECCA,"Hecelchakan, Camp.",194
-89.848333,19.751944,CAMP,HPOCA,"Hopelchen, Camp.",128.4
-90.820833,18.056944,CAMP,MONCLOVACAMP,"Monclova, Camp. SMN*",166.8
-90.221389,19.605833,CAMP,NYXCA,"Noh-YaxchÈ, Camp.",96.8
-90.374167,19.943333,CAMP,PETENES,"Los Petenes, Camp. SMN*",116.6
-92.086944,18.253056,CAMP,PLZCA,"Palizada, Camp.",187.5
-91.175833,18.972778,CAMP,SBNCA,"Sabancuy, Camp.",55.5
-89.860278,19.664444,CAMP,XCPCA,"Xcupil, Camp.",119.42
-102.585833,22.177222,CAMP,XPJCA,"Xpujil, Camp.",169.5
-107.482778,28.481667,CHIH,AGZCH,"Abraham Gonz·lez, Chih.",37.02
-107.255556,28.771667,CHIH,BACCH,"BachÌniva, Chih.",29
-108.209167,28.198889,CHIH,BASCH,"Basaseachi, Chih. SMN*",68.83
-106.219444,27.446667,CHIH,BOCADELRIO,"Boca del RÌo, Chih. SMN*",0
-108.206389,28.208889,CHIH,BSSCH,"Basaseachi, Chih.",135.5
-107.723611,27.033611,CHIH,BTPCH,"Batopilas, Chih.",12.6
-107.9,27.9,CHIH,BTVCH,"Batovira, Chih.",7.51
-106.5,29.05,CHIH,C08099,"Majalca, Chih.",50
-108.533333,28.133333,CHIH,C08182,Moris,24.02
-108.083333,29.216667,CHIH,C08219,"PeÒitas, Chih.",65
-107.7,28.75,CHIH,C08243,"Tejolocachi, Chih.",12.2
-105.966667,28.7,CHIH,C08270,"La Mesa, Chih.",23.15
-107.930833,30.376667,CHIH,CAGCH,"Casas Grandes, Chih.",99.43
-105.171389,27.685556,CHIH,CCOCH,"Ciudad Camargo, Chih.",0
-105.446944,28.210833,CHIH,CDLCH,"Ciudad Delicias, Chih.",10.41
-106.770556,26.229444,CHIH,CHNCH,"Chinat˙, Chih. SMN*",93.26
-106.167778,28.570556,CHIH,CHUCH,"Chihuahua, Chih.",6.41
-106.400278,31.736667,CHIH,CJZCH,"Ciudad Ju·rez, Chih.",103.01
-105.381667,27.410278,CHIH,CL2CH,"Colina (hidromÈtrica), Chih.",17.5
-105.382222,27.576389,CHIH,CLNCH,"Ing. Andrew Weiss, Chih.",17.5
-108.541667,27.416667,CHIH,CNDCH,"Chinipas, Chih.",9.52
-106.871111,28.418611,CHIH,CUACH,"CuauhtÈmoc, Chih.",54.03
-106.119444,28.614722,CHIH,ERECH,"El RejÛn, Chih.",6.41
-105.628889,28.166111,CHIH,FIMCH,"Francisco I. Madero, Chih.",55.01
-107.072222,26.816667,CHIH,GCCCH,"Guachochi, Chih. SMN*",77.6
-108.3,29.2,CHIH,GPCCH,"Guapoca, Chih.",61.6
-107.072778,26.813056,CHIH,GRCCH,"Guerachi, Chih.",15.72
-106.966667,26.1,CHIH,GYCCH,"Guadalupe y Calvo, Chih.",46.06
-107.879167,26.870833,CHIH,IGNCH,"San Ignacio, Chih.",22.5
-104.912778,27.126667,CHIH,JMNCH,"JimÈnez, Chih.",7.6
-105.414167,27.544722,CHIH,LBQCH,"La Boquilla, Chih.",10.02
-107.025833,29.88,CHIH,LJSCH,"Las Lajas, Chih.",40.81
-105.28,28.984444,CHIH,LLNCH,"Ing. Luis L. LeÛn, Chih.",28.52
-107.994167,27.858611,CHIH,MAGCH,"Maguarichi, Chih. SMN*",6.86
-104.410833,29.565,CHIH,OJNCH,"Ojinaga, Chih.",48.51
-105.254167,26.546389,CHIH,PAGCH,"Pico del ¡guila, Chih.",68.53
-105.620556,28.165278,CHIH,PFCOIMADERO,"Presa Francisco I. Madero, Chih. SGT*",27.75
-105.675556,26.917778,CHIH,PRRCH,"Parral, Chih.",101.01
-106.085556,28.656944,CHIH,QIJCH,"Observatorio de Chihuahua, Chih.",14.91
-106.383333,26.466667,CHIH,RVGCH,"El Vergel, Chih.",39.8
-107.973333,26.9425,CHIH,TB2CH,"Tubares II, Chih.",11.02
-107.85,28.95,CHIH,TMCCH,"TemÛsachic, Chih.",48.36
-107.384167,29.5625,CHIH,TNTCH,"El Tintero, Chih.",40.02
-107.9125,27.216667,CHIH,URECH,"Urique, Chih.",45.6
-107.916944,27.215556,CHIH,URICH,"Urique, Chih. SMN*",39.63
-105.16,26.738611,CHIH,VICCH,"Villa Coronado, Chih.",71.53
-105.806944,27.454444,CHIH,VZRCH,"Valle de Zaragoza, Chih.",38.01
-108.166667,29.666667,CHIH,YEPCH,"Yepachic, Chih.",34
-92.804167,16.552778,CHIS,ACACP,"Acala, Chis.",131.6
-92.034722,16.737778,CHIS,ALTAMIRANO,"Altamirano, Chis. SGT*",207.6
-92.778889,16.401389,CHIS,ANGCP,"Doctor Belisario DomÌnguez, Chis.",152.64
-92.300278,15.124722,CHIS,ARGOVIA,"Finca Argovia, Chis. OCFS*",466.6
-93.8975,16.241111,CHIS,AROCP,"Arriaga, Chis.",320.63
-93.427222,17.253611,CHIS,AZAPACCFE,"Azapac, Chis. CFE*",362
-92.905833,16.997222,CHIS,BOCHIL,"Bochil, Chis. OCFS*",115
-93.15,16.641944,CHIS,BOQCP,"BoquerÛn, Chis.",106.6
-92.716667,15.35,CHIS,CACCP,"Cacaluta, Chis.",595.84
-92.4875,16.308333,CHIS,CASCAJAL,"Cascajal, Chis. SGT*",57.8
-92.479167,16.308333,CHIS,CASCP,"Cascajal, Chis.",57.42
-92.483056,15.969167,CHIS,CATARINITAS,"Catarinitas, Chis. SGT*",154.4
-91.703333,17.472222,CHIS,CHACAMAX,"Chacamax, Chis. SGT*",161
-92.281389,15.750278,CHIS,CHICOMUSELO,"Chicomuselo, Chis. SGT*",232.4
-93.100556,16.941667,CHIS,CHICP,"Manuel Moreno Torres, Chis.",55.02
-92.283333,15.75,CHIS,CHMCP,"Chicomuselo, Chis.",246.11
-92.1,16.2,CHIS,COOCP,"Observatorio de Comit·n, Chis.",101.02
-92.575,15.204167,CHIS,DESCP,"Despoblado, Chis.",345.13
-92.590833,16.686111,CHIS,ELAGUAJE,"El Aguaje, Chis. SGT*",103
-92.828611,16.787778,CHIS,ELBURRERO,"El Burrero, Chis. OCFS*",70.3
-92.95,15.495833,CHIS,ELNCP,"El Novillero, Chis.",384.02
-92.808056,15.656667,CHIS,ELTRIUNFO,"El Triunfo, Chis. SMN*",242.4
-92.755278,15.071111,CHIS,ENCRUCIJADA,"La Encrucijada, Chis. SMN*",179.2
-92.666667,15.316667,CHIS,ESCCP,"Escuintla, Chis.",607.03
-92.67,15.33,CHIS,ESCUINTLA,"Escuintla SMN, Chis.",486
-93.342222,17.216667,CHIS,EZAPATACFE,"Emiliano Zapata, Chis. CFE*",264.1
-93.125,16.975,CHIS,GRICP,"Grijalva, Chis.",66.4
-92.402778,14.997222,CHIS,HUECP,"Huehuet·n, Chis.",402.22
-92.472222,15.133333,CHIS,HUICP,"Huixtla, Chis.",580.9
-92.471389,15.146944,CHIS,HUIXTLA,"Huixtla, Chis. OCFS*",273.4
-92.184722,14.626111,CHIS,ILRAYON,"Ignacio LÛpez RayÛn, Chis. OCFS*",295.5
-92.72,15.886111,CHIS,JALTENANGO,"Jaltenango, Chis. SGT*",205.8
-92.725,15.866667,CHIS,JAPCP,"Jaltenango, Chis.",248.3
-93.381389,17.364167,CHIS,JDGCP,"Juan de Grijalva, Chis.",290.3
-92.898611,15.996389,CHIS,JSBCP,"Juan Sabines, Chis.",292.01
-90.702222,16.580833,CHIS,LACCP,"Lacant˙n, Chis.",223.9
-93.28,17.96,CHIS,MACAYOMI,"Macayo Margen Izquierda, Chis. SGT*",45
-93.598889,17.178611,CHIS,MALCP,"NezahualcÛyotl, Chis.",115.1
-92.883333,15.45,CHIS,MAPCP,"Mapastepec, Chis.",537.05
-92.0025,16.002222,CHIS,MOZCP,"Mozotal, Chis.",122.2
-93.631667,16.493889,CHIS,NVAPALESTINA,"Nueva Palestina, Chis. SGT*",75.6
-93.150556,17.220556,CHIS,OCOCP,"Ocotepec, Chis.",143.3
-92.3375,16.851111,CHIS,OXCHUC,"Oxchuc, Chis. SGT*",188.6
-91.968056,15.848611,CHIS,PCOCP,"Puente Concordia, Chis.",66.42
-93.458611,17.446111,CHIS,PENCP,"¡ngel Albino Corzo, Chis.",313.6
-93.113889,17.511944,CHIS,PICCP,"Pichucalco, Chis.",59
-93.216667,15.691667,CHIS,PIJCP,"Pijijiapan, Chis.",378.54
-93.186667,16.753889,CHIS,PTECLUBCAMP,"Puente Club Campestre, Chis. SGT*",74.8
-92.649167,16.725278,CHIS,PTEMORELOS,"Puente Morelos, Chis. SGT*",86.6
-93.552778,17.348333,CHIS,RCACP,"RÛmulo Calzada, Chis.",317
-92.666667,15.916667,CHIS,REFCP,"Reforma, Chis.",222.13
-93.030278,17.413333,CHIS,REFUGIOCP,"El Refugio, Chis. SGT*",336.8
-93.079167,16.158333,CHIS,REVCP,"RevoluciÛn Mexicana, Chis.",103.11
-92.35,17.566667,CHIS,SAACP,"Salto de Agua, Chis.",329.31
-93.741111,16.699722,CHIS,SANTALUCIAHM,"Santa LucÌa, Chis. SGT*",96.8
-93.383333,17.425,CHIS,SAYCP,"Sayula, Chis.",325.3
-92.633333,16.733333,CHIS,SCOCP,"Observatorio de San CristÛbal, Chis.",72.7
-92.616667,16.741667,CHIS,SCRCP,"Puente Morelos (San CristÛbal CabaÒas), Chis.",90.9
-92.105556,15.775,CHIS,SDOCP,"Santo Domingo, Chis.",195.31
-92.321944,15.558056,CHIS,SILTEPEC,"Siltepec, Chis. SGT*",182.6
-93.55,17.35,CHIS,SITALA,"Sitala, Chis. SGT*",276.7
-92.916667,17.5,CHIS,SJOTB,"San JoaquÌn, Chis.",239.2
-92.239444,15.775,CHIS,SMICP,"San Miguel, Chis.",218.9
-92.820833,16.938889,CHIS,SNACP,"Santa MarÌa, Chis.",253.9
-92.731389,17.035556,CHIS,SPNICHTALUCUM,"San Pedro Nichtalucum, Chis. SGT*",91.2
-92.266667,14.9,CHIS,TAMCP,"Tapachula (Malpaso), Chis.",474.5
-92.183333,14.9,CHIS,TAPCP,"Tapachula, Chis.",449.3
-93.383333,17.425,CHIS,TAPILULA,"Tapilula, Chis. SGT*",177.7
-93.529167,15.875,CHIS,TPICP,"Tres Picos, Chis.",428.8
-93.1,16.761944,CHIS,TUXCP,"Tuxtla Oriente, Chis.",80.75
-93.133333,16.75,CHIS,TXOCP,"Observatorio de Tuxtla GutiÈrrez, Chis.",75.62
-92.147222,15.091111,CHIS,VTACANA,"Volc·n Tacana, Chis. SMN*",367.4
-93.330556,17.116667,CHIS,YAMCP,"YamonhÛ, Chis.",205.01
-91.729722,16.909167,CHIS,YAQUINTELA,"Yaquintela, Chis. SGT*",275.8
-92.050556,16.116389,CHIS,ZAPALUTA,"Zapaluta, Chis. SGT*",125.9
-100.837222,28.344444,COAH,ADLCL,"Allende, Coah.",89.021
-101.057222,29.446944,COAH,AMSCL,"Internacional La Amistad, Coah.",112
-100.929722,25.561111,COAH,ARACL,"Ramos Arizpe Aeropuerto, Coah.",27.714
-101.116667,29.15,COAH,CBRCL,"Cabeceras, Coah.",155
-102.064444,26.983333,COAH,CCGCL,"Cuatro CiÈnegas, Coah.",38.3
-100.950278,29.327778,COAH,CDACL,"Ciudad AcuÒa, Coah.",175.002
-100.661111,26.844444,COAH,CDLCL,"Candela, Coah.",53.01
-100.95,29.213611,COAH,CNTCL,"El Centenario, Coah.",196
-103.469167,25.542222,COAH,CYTCL,"Coyote, Coah.",34.22
-100.920833,25.436111,COAH,ESLCL,"E. C. Saltillo, Coah.",41.062
-103.262778,25.773889,COAH,FIMCL,"Francisco I. Madero, Coah.",29.53
-100.832222,28.82,COAH,LFGCL,"La Fragua, Coah.",41
-101.4225,26.908333,COAH,MCVCL,"Monclova, Coah.",52.801
-101.711389,28.013056,COAH,MORELOSMUZQUIZ,"Morelos M˙zquiz, Coah. SMN*",159.4
-101.33,27.92,COAH,NUEVAROSITA,"Nueva Rosita, Coah. SMN*",51
-102.181667,25.440833,COAH,PARCL,"Parras, Coah.",70.5
-100.5325,28.706667,COAH,PNGCL,"Piedras Negras, Coah.",70.2
-101.002222,27.422222,COAH,PRSCL,"Progreso, Coah.",66.502
-100.634444,28.898611,COAH,RioSanRodrigoC,"Rio San Rodrigo cerca El Moral. Piedras Negras Coah., CILA*",69.75
-100.575556,25.273333,COAH,SAACL,"San Antonio de las Alazanas, Coah.",37
-101.016667,25.376389,COAH,SALCL,"Observatorio de Saltillo, Coah.",35.312
-100.730833,29.071944,COAH,SANDIEGOC,"San Diego Jimenez, Coah. CILA*",117.75
-101.122778,27.846667,COAH,SBNCL,"Sabinas, Coah.",74.003
-100.953889,29.034167,COAH,SMGCL,"San Miguel, Coah.",83
-103.699722,27.285278,COAH,SMJCL,"Sierra Mojada, Coah.",143.501
-102.979444,25.7575,COAH,SPECL,"San Pedro, Coah.",97.1
-101.016667,25.376389,COAH,STOCL,"Saltillo, Coah.",50
-103.45,25.541667,COAH,TORCL,"Observatorio de TorreÛn, Coah.",38.51
-100.616111,27.515,COAH,VCRCL,"Venustiano Carranza, Coah.",38.51
-100.898889,29.033889,COAH,ZPTCL,"Zapata, Coah.",118
-103.611389,19.248611,COL,BVSCM,"Buena Vista, Col.",185.53
-103.723611,18.754722,COL,CDOCM,"Cerro de Ortega, Col.",184.1
-103.702778,19.295,COL,CHNCM,"El Chanal, Col.",212.74
-103.6325,18.813056,COL,CLLCM,"Callejones, Col.",56
-103.757222,19.3175,COL,CMLCM,"Comala, Col.",180.92
-103.804167,19.2125,COL,CQMCM,"Coquimatl·n, Col.",124.44
-103.6,19.325,COL,CUACM,"CuauhtÈmoc, Col.",60.3
-103.884444,19.111389,COL,DJLCM,"Derivadora Jala (Madrid), Col.",126.43
-103.866389,19.17,COL,LAECM,"La Esperanza, Col.",107.6
-103.774167,18.809167,COL,LDACM,"Laguna de Amela, Col.",137.71
-103.725278,19.223333,COL,LPSCM,"La Posta, Col.",148.5
-104.297778,19.069167,COL,MANZANILLOmar,"Manzanillo, Col. SEMAR*",196.63
-104.318333,19.044444,COL,MNZCM,"Manzanillo, Col.",275.22
-103.816667,19.266667,COL,PNTCM,"PeÒitas, Col.",83.5
-103.725278,19.223333,COL,RDRCM,"Radar, Col.",176.41
-103.700833,19.408333,COL,SCHCM,"Suchitl·n, Col.",99.01
-103.9175,19.463611,COL,SMANANTLANI,"Sierra Manatl·n 1, Col. SMN*",209.6
-103.882778,18.925556,COL,TCMCM,"Tecom·n, Col.",82.01
-103.396667,18.967222,COL,TRJCM,"Solidaridad, Col.",83.32
-103.663333,19.2775,COL,TRPCM,"Trapiche, Col.",176.54
-99.210278,19.218611,DF,AJSDF,"Ajusco, Cd. de MÈx.",172.98
-99.171667,19.453333,DF,CBIDF,"Escuela Naional de Ciencias BiolÛgicas IPN, Cd. de MÈx. SMN*",54.45
-99.180556,19.346667,DF,CCUDF,"Centro Universitario, Cd. de MÈx.",101.35
-98.999444,19.357222,DF,CDMDF,"C·rcel de Mujeres, Cd. de MÈx.",92.7
-99.1125,19.407778,DF,CDVDF,"Ciudad Deportiva, Cd. de MÈx.",66.31
-99.1375,19.516667,DF,CEADF,"Campamento Amealco, Cd. de MÈx.",153.6
-99.208333,19.155556,DF,CFSDF,"Caseta Forestal, Cd. de MÈx.",140.47
-99.1375,19.469722,DF,CMTDF,"Cien Metros, Cd. de MÈx.",51.55
-99.183333,19.486389,DF,CMYDF,"Campamento Mecoaya, Cd. de MÈx.",159.26
-99.19,19.3375,DF,CONAGUAOFC,"Conagua Oficinas Centrales, Cd. de Mex. SGT*",89
-99.09,19.190278,DF,CTNDF,"San Salvador Cuautenco, Cd. de MÈx.",157.99
-99.09,19.484167,DF,CYLDF,"Coyol, Cd. de MÈx.",105.4
-99.205,19.3,DF,DATDF,"DesviaciÛn Alta, Cd. de MÈx.",36
-99.131389,19.431111,DF,DDFDF,"Gobierno del D.F., Cd. de MÈx.",64.51
-99.309167,19.313333,DF,DTLDF,"Desierto de los Leones, Cd. de MÈx.",113.02
-99.15,19.383333,DF,DVLDF,"Del Valle, Cd. de MÈx.",50.79
-99.151944,19.300556,DF,EAZDF,"Estadio Azteca, Cd. de MÈx.",101.1
-99.286389,19.3625,DF,EYQDF,"El Yaqui, Cd. de MÈx.",112.78
-99.352222,19.295,DF,EZCDF,"El Zarco, Cd. de MÈx.",203.7
-99.091667,19.478056,DF,GCNDF,"km 6+250 (Gran Canal), Cd. de MÈx.",105.6
-99.2625,19.308056,DF,HYTDF,"Huayatla, Cd. de MÈx.",132.26
-99.066667,19.377778,DF,LU4DF,"Lumbrera 4 RÌos, Cd. de MÈx.",96.53
-99.3,19.340556,DF,LVNDF,"La Venta, Cd. de MÈx.",122.44
-99.283333,19.216667,DF,MAGDF,"Monte Alegre, Cd. de MÈx.",264.16
-99.133889,19.403333,DF,MCRDF,"Marcos Carrillo, Cd. de MÈx.",83.31
-99.026944,19.187222,DF,MLPDF,"Milpa Alta, Cd. de MÈx.",0
-99.233056,19.187778,DF,MZTDF,"Calle Mezontepec (Abasolo), Cd. de MÈx.",140.19
-99.096389,19.316389,DF,OCSDF,"Organismo de Cuenca AVM Sur, Cd. de MÈx.",62.73
-99.100278,19.379167,DF,PBADF,"Planta de Bombeo Aculco, Cd. de MÈx.",11.69
-99.057778,19.433333,DF,PBCDF,"Planta de Bombeo Churubusco L., Cd. de MÈx.",66.29
-99.119444,19.486667,DF,PBLDF,"Planta de Bombeo Lindavista, Cd. de MÈx.",116.59
-99.037778,19.38,DF,PBODF,"Planta de Bombeo U. E. de Oriente, Cd. de MÈx.",117.83
-99.170556,19.435556,DF,PBTDF,"Planta de Bombeo Tizoc, Cd. de MÈx.",72.89
-99.2,19.413056,DF,PCHDF,"Puerta Chapultepec, Cd. de MÈx.",83.83
-99.097222,19.455833,DF,PGNDF,"Planta Generadora 101, Cd. de MÈx.",129.02
-99.076389,19.336944,DF,PLEDF,"Planta de Tratamiento La Estrella, Cd. de MÈx.",94.24
-99.068333,19.420278,DF,PLMDF,"Planta de Bombeo LÛpez Mateos, Cd. de MÈx.",96.52
-99.126389,19.365278,DF,PMLDF,"Planta de Bombeo Municipio Libre, Cd. de MÈx.",82.81
-99.090833,19.246389,DF,PNTDF,"Planta Nativitas, Cd. de MÈx.",77.46
-99.154444,19.513056,DF,PRMDF,"Planta de Tratamiento RÌo Magdalena, Cd. de MÈx.",159.26
-99.154444,19.513056,DF,PRRDF,"Planta de Tratamiento RÌo Remedios, Cd. de MÈx.",46.21
-99.023056,19.299167,DF,PSCDF,"Planta de Tratamiento Santa Catarina, Cd. de MÈx.",58.94
-99.05,19.233333,DF,PSLDF,"Planta San Luis, Cd. de MÈx.",34.8
-99.163889,19.468889,DF,PSNDF,"Planta de Bombeo Nueva Santa MarÌa, Cd. de MÈx.",95.26
-99.171111,19.263056,DF,PSPDF,"Pueblo San Pedro M·rtir, Cd. de MÈx.",79.74
-99.190278,19.509167,DF,PTRDF,"Planta de Tratamiento Rosario, Cd. de MÈx.",169.4
-99.126111,19.285833,DF,PVCDF,"Planta de Bombeo Villa Coapa, Cd. de MÈx.",103.64
-99.143056,19.331944,DF,PXTDF,"Planta Xotepingo, Cd. de MÈx.",86.86
-99.194167,19.296111,DF,RBTDF,"Rebombeo Bosque Tlalpan, Cd. de MÈx.",102.59
-99.17,19.4,DF,RCMDF,"Radio ComunicaciÛn, Cd. de MÈx.",93.46
-99,19.166667,DF,SANDF,"Santa Ana, Cd. de MÈx.",39.6
-99.275,19.328611,DF,SBADF,"San Bartolo Ameyalco, Cd. de MÈx.",124.21
-99.028889,19.338333,DF,SCMDF,"Santa Cruz Meyehualco, Cd. de MÈx.",120.39
-99.122222,19.572222,DF,SGDDF,"Sierra Guadalupe, Cd. de MÈx.",24.14
-99.066667,19.466667,DF,SJADF,"San Juan de AragÛn, Cd. de MÈx.",107.05
-99.009722,19.281389,DF,SPPDF,"San Pedro Tl·huac, Cd. de MÈx.",42.15
-98.960556,19.320833,DF,SSCDF,"SubestaciÛn ElÈctrica Santa Catarina, Cd. de MÈx.",68.08
-99.1425,19.556111,DF,TCMDF,"Tanque Chalmita, Cd. de MÈx.",79.5
-99.272222,19.373056,DF,TECDF,"Tanque el Cartero, Cd. de MÈx.",87.36
-99.246389,19.333889,DF,TELDF,"Tanque el Lienzo, Cd. de MÈx.",109.47
-99.098889,19.385556,DF,TEZDF,"Tezontle, Cd. de MÈx. SMN*",29.97
-99.211667,19.399167,DF,TNGDF,"Tri·ngulo, Cd. de MÈx.",81.54
-99.135833,19.199444,DF,TPJDF,"Topilejo, Cd. de MÈx.",139.95
-99.084722,19.440833,DF,TPNDF,"Tanque PeÒÛn, Cd. de MÈx.",76.2
-99.2125,19.361944,DF,TRGDF,"Tarango, Cd. de MÈx.",96.5
-99.248611,19.316667,DF,TSFDF,"Tanque San Francisco, Cd. de MÈx.",129.28
-99.228611,19.436389,DF,TSJDF,"Tanque San JoaquÌn, Cd. de MÈx.",97.29
-99.264444,19.359722,DF,TSLDF,"Trif. Santa LucÌa, Cd. de MÈx.",121.16
-98.970833,19.210278,DF,TTLDF,"Tetelco, Cd. de MÈx.",40.64
-99.211667,19.510278,DF,VDCDF,"Vaso de Cristo, MÈx.",155.2
-104.066111,25.263333,DGO,AM2DR,"AgustÌn Melgar, Dgo. SMN*",7
-104.493889,26.226389,DGO,APRDR,"Ing. BenjamÌn Ortega Cantero, Dgo.",43.91
-104.8,24.516667,DGO,CB2DR,"Caboraca (hidro), Dgo.",86.8
-104.810278,24.538333,DGO,CBRDR,"Caboraca, Dgo.",86.8
-104.123333,26.521667,DGO,CEBDR,"Ceballos, Dgo.",50.55
-104.121111,24.4375,DGO,CGVDR,"Ciudad Guadalupe Victoria, Dgo.",58.5
-103.521667,25.533333,DGO,CLRDR,"Ciudad Lerdo, Dgo.",37.52
-103.698889,24.871944,DGO,CNCDR,"CuencamÈ, Dgo.",89
-104.75,24.5,DGO,CNTDR,"Canatl·n, Dgo.",141.6
-104.666667,24.033333,DGO,DRGDR,"Durango, Dgo.",95.7
-103.960278,24.001667,DGO,FV2DR,"Francisco Villa (hidro), Dgo.",98.01
-103.960833,24.001667,DGO,FVLDR,"Francisco Villa, Dgo.",98.01
-103.773611,25.270833,DGO,FZRDR,"Francisco Zarco, Dgo.",32.71
-105.25,25.5,DGO,GESDR,"General Escobedo, Dgo.",66
-105.955556,25.934722,DGO,GNCDR,"Guanacevit, Dgo.",97.01
-104.9225,24.803889,DGO,GUADR,"GuatimapÈ, Dgo",84.22
-104.753056,23.961111,DGO,GVCDR,"Presidente Guadalupe Victoria, Dgo.",89.61
-104.751944,23.960278,DGO,GVHDR,"Guadalupe Victoria, Dgo. (hidro)",93.01
-103.983333,26.549722,DGO,LAFLOR,"La Flor de Jimulco, Dgo. SMN*",50
-105.015833,25.594167,DGO,LCRDR,"L·zaro C·rdenas, Dgo.",50.64
-103.283889,25.068056,DGO,LFLDR,"La Flor, Dgo.",46.5
-105.466111,24.185833,DGO,LVEDR,"Las Vegas, Dgo. SMN*",53.63
-104.246944,23.387778,DGO,MICHILIA,"La Michilia, Dgo. SMN*",76.6
-103.85,25.816667,DGO,MPMDR,"MapimÌ, Dgo.",42.51
-105.0475,23.899167,DGO,NAVDR,"NavÌos Viejos, Dgo.",104.4
-104.113889,25.225556,DGO,NZSDR,"Nazas, Dgo.",48.03
-104.655556,24.237222,DGO,PA2DR,"PeÒa del ¡guila, Dgo. (hidro)",164.21
-104.656667,24.203889,DGO,PAGDR,"PeÒa del ¡guila, Dgo.",165.5
-104.333056,24.538333,DGO,PDCDR,"P·nuco de Coronado, Dgo.",93.8
-104.558333,25.181944,DGO,RDODR,"Rodeo, Dgo.",93.31
-106.366667,26.133333,DGO,ROSDR,"La Rosilla, Dgo.",55
-105.443056,25.225,DGO,SACDR,"SalomÈ Acosta, Dgo.",35.22
-105.331111,26.433056,DGO,SANANTONIO,"San Antonio, Dgo. SGT*",0.25
-104.673889,23.873333,DGO,SB2DR,"Santiago Bayacora (hidro), Dgo.",104.31
-105.526667,26.004444,DGO,SBEDR,"San Bernardo, Dgo.",52
-104.675833,23.874444,DGO,SBYDR,"Santiago Bayacora, Dgo.",104.31
-103.353056,24.469167,DGO,SCLDR,"Santa Clara, Dgo.",87
-103.079722,24.608333,DGO,SELDR,"Santa Elena, Dgo.",34
-105.560833,26.436667,DGO,SGBDR,"San Gabriel, Dgo.",76.03
-102.778056,24.630556,DGO,SJGDR,"San Juan de Guadalupe, Dgo.",41.52
-105.366667,25.953333,DGO,SMODR,"Santa MarÌa del Oro, Dgo.",28.9
-104.2925,25.564167,DGO,SPGDR,"San Pedro del Gallo, Dgo.",34.03
-105.422222,25.0375,DGO,SPPDR,"Santiago Papasquiaro, Dgo.",32.31
-105.566667,26.084444,DGO,SRDDR,"Sardinas, Dgo.",32.52
-106.538056,24.702222,DGO,TDRDR,"El Tule del Real, Dgo.",66.44
-103.441667,26.1125,DGO,THODR,"Tlahualilo, Dgo.",32.63
-106.975,24.933333,DGO,TMZDR,"Tamazula, Dgo.",121.24
-103.979722,24.810833,DGO,VGCDR,"Vicente Guerrero, Dgo.",57.54
-104.928889,26.2425,DGO,VHGDR,"Villa Hidalgo, Dgo.",144.5
-105.5025,26.440556,DGO,VILLAOCAMPO,"Villa Ocampo, Dgo. SMN*",91.8
-105.506111,26.447778,DGO,VOCDR,"Villa Ocampo, Dgo.",83.03
-99.906667,16.849722,GRO,ACAGR,"Acapulco, Gro.",272.8
-99.749167,16.762778,GRO,ACUGR,"Acapulco, Gro. SMN*",172.2
-99.516944,17.576389,GRO,AERGR,"Aeropuerto de Chilpancingo, Gro.",72.5
-100.5175,18.075833,GRO,AFIGR,"AndrÈs Figueroa, Gro.",172
-98.975278,17.719722,GRO,AHUGR,"Ahuacuotzingo, Gro.",42.3
-99.799722,16.751111,GRO,AOMGR,"Observatorio de Aeropuerto de Acapulco, Gro.",226.5
-100.44,17.209444,GRO,ATOYAC,"Atoyac SMN, Gro.",183
-100.433333,17.210278,GRO,ATYGR,"Atoyac, Gro.",248.7
-99.1,16.949444,GRO,AYUGR,"Ayutla, Gro.",504
-99.2,18.2,GRO,BVSGR,"Buena Vista, Gro.",118
-100.664444,18.359444,GRO,CALGR,"Ciudad Altamirano, Gro.",107.3
-99.701111,17.672222,GRO,CCHGR,"Chichihualco, Gro.",120
-100.089444,17.008889,GRO,CDBGR,"Coyuca de BenÌtez, Gro.",213.9
-99.5,17.545278,GRO,CHIGR,"Chilpancingo, Gro.",72.3
-99.175833,17.608611,GRO,CHLGR,"Chilapa, Gro.",45
-98.411944,16.47,GRO,CNLGR,"Cuajinicuilapa, Gro.",183.5
-99.851944,16.903889,GRO,CSMGR,"Colonia SimÛn BolÌvar, Gro.",179.65
-101.054444,17.376944,GRO,CYQGR,"Coyuquilla, Gro.",259.5
-99.995556,17.947778,GRO,ECAGR,"Ing. Carlos RamÌrez Ulloa, Gro.",87.2
-99.878889,16.874444,GRO,GTAGR,"La Garita (T˙nel Alto), Gro.",193
-99.332778,18.3025,GRO,HTZGR,"Huitzuco, Gro.",90.8
-99.55,18.349722,GRO,IGLGR,"Iguala, Gro.",77.3
-99.524167,18.360278,GRO,IGUALA,"Iguala, Gro. SMN*",60.05
-98.513333,17.6225,GRO,IXTGR,"Ixcateopan de Tlapa, Gro.",30.2
-99.925278,16.873611,GRO,JNAGR,"Juan N. ¡lvarez, Gro.",283.75
-99.783333,16.966667,GRO,K21GR,"km 21, Gro.",228
-99.845556,16.932222,GRO,LCIGR,"L·zaro C·rdenas (Col. Industrial), Gro.",240.5
-101.003056,18.418611,GRO,LCLGR,"La Calera, Gro.",106
-100.018056,16.958333,GRO,LDCGR,"Laguna de Coyuca, Gro.",290.6
-99.235,16.76,GRO,LDGGR,"Las Vigas, Gro.",290.2
-99.503056,18.363333,GRO,LDTGR,"Laguna de Tuxpan, Gro.",77.3
-99.918889,16.855,GRO,LMRGR,"La Mira, Gro.",292.25
-99.887778,16.895833,GRO,MAGGR,Magallanes (4 Etapa FOVISSSTE) Gro.,86.25
-99.369167,17.471111,GRO,MCHGR,"Mochitl·n, Gro.",77.2
-99.799722,16.8,GRO,ODAGR,"Observatorio de Acapulco, Gro.",229.8
-99.5,17.6,GRO,ODZGR,"Observatorio de Zumpango, Gro.",60.4
-98.735,17.777222,GRO,OLNGR,"Olinala, Gro.",20
-98.433333,16.683333,GRO,OMEGR,"Ometepec, Gro.",255
-99.433333,17.984444,GRO,PETGR,"Petaquillas, Gro.",79.5
-99.915556,16.885,GRO,PSCGR,"Palma Sola-CamarÛn, Gro.",375.75
-98.500556,16.655833,GRO,QTZGR,"Quetzala, Gro.",240.8
-99.166111,16.823611,GRO,RMEGR,"RevoluciÛn Mexicana, Gro.",290.2
-100.472778,17.139444,GRO,SJEGR,"San JerÛnimo, Gro.",249
-99.482778,16.796389,GRO,SNMGR,"San Marcos, Gro.",272
-99.605278,18.554444,GRO,TAXGR,"Taxco, Gro.",115.8
-99.526389,17.1675,GRO,TCOGR,"Tierra Colorada, Gro.",187.4
-99.976389,17.789722,GRO,TLAGR,"Tlacotepec, Gro.",239.2
-98.6,17.5,GRO,TLPGR,"Tlapa, Gro.",54.6
-99.399444,17.568056,GRO,TXTGR,"Tixtla, Gro.",174.2
-100.265833,18.382778,GRO,VGRGR,"Vicente Guerrero, Gro.",246.2
-98.488333,17.903889,GRO,XXHGR,"Xochihuehuetl·n, Gro.",44.5
-99.933333,17.603333,GRO,YXTGR,"Yextla, Gro.",158.6
-101.545,17.863333,GRO,ZHTGR,"Zihuatanejo, Gro.",253.6
-101.516667,20.433333,GTO,ABSGJ,"Abasolo, Gto.",29.01
-100.716667,20.033333,GTO,ACNGJ,"Ac·mbaro, Gto.",80.07
-100.683333,20.533333,GTO,AEGGJ,"Apaseo el Grande, Gto.",123.71
-100.583333,20.55,GTO,AMCGJ,"Ameche, Gto.",41.04
-100.620833,20.454167,GTO,APSGJ,"Apaseo el Alto, Gto.",50.32
-101.625556,20.499167,GTO,ATBGJ,"Agua Tibia, Gto.",50.01
-101.631667,21.2925,GTO,BARBOSA,"Barbosa, Gto. ProtecciÛn Civil*",96.38
-101.833333,21.05,GTO,BRRGJ,"El Barrial, Gto.",40.36
-100.899722,20.280278,GTO,CBOGJ,"El Cubo, Gto. SGT*",20.4
-100.816667,20.533333,GTO,CLYGJ,"Celaya, Gto.",55.02
-101.474722,21.068056,GTO,comgj,"Comanjilla, Gto.",64
-100.363333,20.198333,GTO,CORGJ,"Coroneo, Gto.",135.6
-101.630278,20.506667,GTO,CORRALEJO,"Corralejo Hidalgo, Gto. ProtecciÛn Civil*",4.5
-101.666667,20.616667,GTO,CRMGJ,"Cuer·maro, Gto.",69.82
-100.95,20.483333,GTO,CRTGJ,"Cort·zar, Gto.",97.9
-100.9,20.95,GTO,CSRGJ,"Cinco SeÒores, Gto.",44.52
-101.666667,21.2,GTO,CSTGJ,"Los Castillos, Gto.",55.82
-100.933333,21.15,GTO,DHGGJ,"Dolores Hidalgo, Gto.",56.02
-101.835278,21.05,GTO,EBAGJ,"El Barrial, Gto.",49.85
-100.5,20.2,GTO,ECBGJ,"El Cubo, Gto.",22.06
-101.2,20.9,GTO,ECHGJ,"El ChapÌn, Gto.",74.03
-101.366667,20.733333,GTO,ECNGJ,"El Conejo, Gto.",102.81
-101.688056,21.173333,GTO,EPLGJ,"El Palote, Gto.",82.63
-101.7425,20.439167,GTO,GLNGJ,"La Golondrina, Gto.",23.51
-101.265,21.012222,GTO,GTOGJ,"Guanajuato, Gto.",123.43
-100.825833,20.848056,GTO,IALGJ,"Ignacio Allende, Gto.",56.53
-101.35,20.683333,GTO,IRPGJ,"Irapuato, Gto.",74.81
-100.516667,20.133333,GTO,JCRGJ,"JerÈcuaro, Gto.",66.92
-100.525833,20.610278,GTO,LADGJ,"Las Adjuntas, Gto.",74.9
-101.073056,20.286944,GTO,LDYGJ,"Laguna de Yuriria, Gto.",54.54
-101.666667,21.1,GTO,LENGJ,"LeÛn, Gto.",42.23
-100.866667,20.383333,GTO,LGVGJ,"Puente la Gavia, Gto.",37
-101.358889,20.276111,GTO,LJIGJ,"Las JÌcamas, Gto.",58.9
-101.106944,21.3225,GTO,LQMGJ,"La Quemada, Gto.",38.61
-101.931944,20.504444,GTO,MABGJ,"Mariano Abasolo, Gto.",26
-101.516667,21.633333,GTO,OCMGJ,"Ocampo, Gto.",57
-100.9,21.1,GTO,PDLGJ,"Puente Dolores, Gto.",54.01
-101.133333,20.516667,GTO,PERGJ,"Pericos, Gto.",43.92
-100.878333,21.105,GTO,PNLGJ,"PeÒuelitas, Gto.",41
-100.496111,21.22,GTO,POZGJ,"Pozos, Gto.",94.53
-101.287778,20.867222,GTO,PRSGJ,"La PurÌsima, Gto.",22.4
-101.216667,21.483333,GTO,SFEGJ,"San Felipe, Gto.",59.25
-101.016667,20.4,GTO,SJLGJ,"Santa Julia, Gto.",40.6
-101.199444,20.565278,GTO,SLMGJ,"Salamanca, Gto.",89.25
-100.516667,21.3,GTO,SLPGJ,"San Luis de la Paz, Gto.",119
-100.667222,20.051667,GTO,SLSGJ,"SolÌs, Gto.",72.06
-100.884722,20.214167,GTO,SLVGJ,"Salvatierra, Gto.",84.63
-101.016389,20.430833,GTO,SMAGJ,"San Miguel de Allende, Gto.",109.41
-100.745833,20.577778,GTO,SMOGJ,"San Miguel Octopan, Gto.",89.6
-101.066667,20.3,GTO,SRTGJ,"Santa Rita, Gto.",56.61
-100.75,20.283333,GTO,TARGJ,"Tarimoro, Gto.",126.52
-101.3,20.6,GTO,TEMGJ,"TemascatÌo, Gto.",70.01
-100.8,20.5,GTO,TGRGJ,"Tres Guerras, Gto.",56.11
-101.182222,20.388611,GTO,VDSGJ,"Valle de Santiago, Gto.",67.52
-100.215833,21.211944,GTO,VVCGJ,"Villa Victoria, Gto.",53.6
-100.0925,21.298889,GTO,XICGJ,"Xich˙, Gto.",51.13
-98.941667,20.268056,HGO,ACTHD,"Actopan, Hgo.",33.3
-98.333333,21.016667,HGO,ATCHD,"Atlapexco, Hgo.",231
-99.36,20.163889,HGO,ENDHD,"EndhÛ, Hgo.",50.52
-99.648889,20.371389,HGO,HCPHD,"Huichapan, Hgo.",78.2
-98.416667,21.15,HGO,HJTHD,"Huejutla, Hgo.",298.03
-99.706944,20.32,HGO,HUICHAPAN,"Huichapan, Hgo. SMN*",81.5
-99.220833,20.481944,HGO,IXMHD,"Ixmiquilpan, Hgo.",45.22
-98.128889,20.136111,HGO,LAGUNASGT,"La Laguna, Hgo. SGT*",214.6
-99.348056,20.056667,HGO,LASROSAS,"Las Rosas, Hgo. OCAVM*",48.4
-98.757222,20.591667,HGO,LMTHD,"Metztitl·n, Hgo.",56.01
-99.218611,20.2375,HGO,MXQHD,"Mixquiahuala, Hgo.",45.06
-98.6,21.166667,HGO,ORZHD,"San Felipe Orizatl·n, Hgo.",397.56
-98.7475,20.123333,HGO,PCOHD,"Observatorio de Pachuca, Hgo.",38.73
-98.334722,20.0575,HGO,PERHD,"La Esperanza, Hgo.",115.11
-99.329444,20.359722,HGO,PRGHD,"Javier Rojo GÛmez, Hgo.",74.09
-99.310833,19.963056,HGO,PRQHD,"Requena, Hgo.",94.52
-99.375833,20.435556,HGO,PVAHD,"Vicente Aguirre, Hgo.",31.07
-98.369444,20.083333,HGO,TLGHD,"Tulancingo, Hgo.",70.43
-99.385,19.835278,HGO,TXMHD,"Taxhimay, Hgo.",80.5
-99.501111,20.663333,HGO,ZMPHD,"Ing. Fernando Hiriart Balderrama, Hgo.",18.5
-98.647222,20.652778,HGO,ZXTHD,"Zacualtip·n, Hgo.",233.5
-103.133333,20.316667,JAL,ACHAPALAGDL,"Acueducto Chapala-Guadalajara, Jal. SGT*",138
-102.436944,21.599444,JAL,AJJJL,"Ajoj˙car, Jal.",72.7
-103.091944,20.397222,JAL,ATQJL,"Atequiza, Jal.",46.92
-103.446389,20.746667,JAL,BAZJL,"Base AÈrea Zapopan, Jal.",31.42
-104.061111,19.913611,JAL,BBAJL,"Basilio Vadillo, Jal.",60.5
-103.726111,22.4,JAL,BCSJL,"Bocas, Jal.",86.01
-103.783611,21.830556,JAL,BLNJL,"BolaÒos, Jal.",29.81
-103.465278,19.697778,JAL,CGZJL,"Ciudad Guzm·n, Jal.",172.5
-103.201944,20.290556,JAL,CHAJL,"Chapala 1 SMN, Jal.",93.22
-105.044722,19.498611,JAL,CHAMELA,"Chamela-Cuixmala, Jal. SMN*",327.8
-104.566667,19.233333,JAL,CIHJL,"Cihuatl·n, Jal.",518.05
-103.25,22.133333,JAL,CLTJL,"Colotl·n, Jal.",10.6
-105.129722,19.9975,JAL,CPEJL,"CajÛn de PeÒa, Jal.",277.01
-104.780833,20.479722,JAL,CRNJL,"Corrinchis, Jal.",188.9
-101.7375,21.497778,JAL,CRTJL,"El Cuarenta, Jal.",51.7
-102.7825,20.341389,JAL,CUIJL,"Cuitzeo, Jal.",29.04
-105.05,20.583333,JAL,CULJL,"Cuale, Jal.",347.52
-102.85,21.133333,JAL,CUNJL,"La CuÒa, Jal.",67.8
-103.45,21.066667,JAL,CXTJL,"Cuixtla, Jal.",20.9
-102.705,21.037222,JAL,ESLJL,"El Salto, Jal.",0
-103.333333,20.733333,JAL,EXPJL,"La Experiencia, Jal.",64.35
-102.766667,20.298056,JAL,FTEJL,"El Fuerte, Jal.",12.06
-102.695556,20.626944,JAL,GRBJL,"Garabatos SGT, Jal.",52.4
-103.373889,20.672778,JAL,GUAJL,"Guadalajara Centro, Jal.",60.52
-103.4,20.7,JAL,GUCJL,"Guadalajara los Colomos, Jal.",61.6
-103.651111,20.466944,JAL,HRTJL,"Hurtado, Jal.",69.5
-102.25,20.483333,JAL,HUAJL,"Huascato, Jal.",89.55
-102.705833,20.293889,JAL,JMYJL,"Jamay, Jal.",69.1
-103.415,20.274444,JAL,JOCJL,"Jocotepec, Jal. SMN*",128.16
-103.644167,20.676389,JAL,LAPRIMAVERA,"La Primavera, Jal. SMN*",34.8
-103.12,20.18,JAL,LDCJL,"Lago de Chapala, Jal.",97.83
-101.919722,21.359722,JAL,LDMJL,"Lagos de Moreno, Jal.",79.05
-103.590833,19.592222,JAL,NEVADOCOLIMA,"Nevado de Colima, Jal. SMN*",231.8
-101.916667,21.366667,JAL,OLMJL,"Observatorio de Lagos de Moreno, Jal.",86.7
-103.361667,20.583889,JAL,PITJL,"ProtecciÛn a Infraestructura y AtenciÛn a Emergencias, Jal.",40.22
-104.105833,21.196944,JAL,PLYJL,"La Yesca, Jal.",104.4
-102.231944,20.491111,JAL,POLJL,"Ing. Guillermo Lugo Sanabria, Jal.",46.04
-102.804444,21.137222,JAL,PZAPOTILLO,"Presa el Zapotillo SGT, Jal.",73
-104.05,20.55,JAL,RAMJL,"RÌo Ameca, Jal.",91.4
-105.133611,19.998611,JAL,RTOJL,"RÌo Tomatl·n, Jal. SMN*",171.21
-101.835556,21.359167,JAL,SA1JL,"La Sauceda, Jal.",65.68
-101.85,21.35,JAL,SAUCEDACFE,"Sauceda, Jal. CFE*",48
-101.85,21.35,JAL,SAUJL,"La Sauceda, Jal.",40.2
-102.5,21.3,JAL,SGRJL,"San Gaspar de los Reyes, Jal.",56
-104.148056,19.554444,JAL,SMANANTLANII,"Sierra Manatl·n 2, Jal. SMN*",259.4
-103.705556,20.908889,JAL,SRSJL,"Santa Rosa, Jal.",162.6
-102.583333,21.45,JAL,TCAJL,"Teocaltiche, Jal.",79.06
-104.320278,20.036111,JAL,TCTJL,"Tacot·n, Jal.",92.8
-103.198611,22.171944,JAL,TENJL,"Tenasco, Jal.",41.02
-103.316667,20.583333,JAL,TLAJL,"Tlaquepaque, Jal.",40.86
-103.419444,20.4425,JAL,TLAJOMULCO,"Tlajomulco, Jal. SMN*",117.2
-104.370278,19.976111,JAL,TMLJL,"RamÛn Corona Madrigal General, Jal.",86.2
-103.845833,20.596389,JAL,VEGJL,"Ing. Santiago Camarena, Jal.",123.14
-99.377222,19.377222,MEX,2RSMX,"Dos RÌos, MÈx.",114.5
-99.216667,19.566667,MEX,ARBMX,"Las Arboledas, MÈx.",78.02
-98.912222,19.543611,MEX,ATEMX,"Atenco (RÌo Xalapan), MÈx.",12.7
-99.866667,19.783333,MEX,ATPMX,"Atlacomulco Prepa., MÈx.",166.81
-99.589444,19.775,MEX,BUFMX,"La ConcepciÛn, Mex.",68.8
-99.7,19.333333,MEX,CALMX,"Calixtlahuaca, MÈx.",64.23
-99.298611,19.406667,MEX,CDBMX,"CaÌda del Borracho, MÈx.",100.05
-99.511667,19.205,MEX,CGCMX,"Gerencia Conagua CODAGEM, MÈx.",124.07
-98.888611,19.494167,MEX,CHAPINGO,"Chapingo, MÈx. SGT*",69.31
-99.4675,18.795833,MEX,CHDMX,"Ciudad Hidalgo, MÈx",41.44
-100.116667,19.2,MEX,CHIMX,"Chilesdo, MÈx.",126.1
-98.884722,19.483333,MEX,CHPMX,"Chapingo, MÈx.",77.8
-99.239444,19.534167,MEX,CLYMX,"Calacoaya, MÈx.",107.5
-99.304444,19.695,MEX,CNPMX,"La ConcepciÛn, MÈx.",71.5
-99.631667,19.292222,MEX,COBMX,"Observatorio de Estado de MÈxico, MÈx.",102.02
-100.183333,19.101667,MEX,COLMX,"Colorines, MÈx.",134.14
-99.559722,19.884722,MEX,DNXMX,"DanxhÛ, MÈx.",106.02
-99.238333,19.453611,MEX,EMOMX,"El Molinito RÌo Hondo, MÈx.",90
-98.916944,19.578889,MEX,GRDMX,"La Grande, MÈx.",60.03
-99.696944,20.046389,MEX,HPNMX,"Huapango, MÈx.",172.56
-99.769444,19.5675,MEX,IXCMX,"Ixtlahuaca, MÈx.",77.25
-98.643056,19.095556,MEX,IXTAPOPO,"Ixtapopo, MÈx. SMN*",99.8
-99.05,19.633333,MEX,K27MX,"km 27+250, MÈx.",92.5
-100.075833,19.383333,MEX,LBEMX,"Los Berros, MÈx.",78.83
-99.220833,19.477778,MEX,MBLMX,"Molino Blanco, MÈx.",89.02
-99.683333,19.116667,MEX,NEVMX,"Nevado de Toluca, MÈx. SMN*",156.96
-99.193611,19.616667,MEX,OBSMX,"San MartÌn Obispo, MÈx.",94.2
-99.175,19.575,MEX,PBTMX,"Planta Barrientos, MÈx.",50.79
-99.025,19.65,MEX,PCCMX,"Planta Chiconautla 2, MÈx.",91.95
-99.181944,19.743056,MEX,PCGMX,"Puente Colgante, MÈx.",82.51
-99.010278,19.636944,MEX,PCTMX,"Planta Chiconautla 1, MÈx.",106.94
-99.611667,18.903333,MEX,PDZMX,"Porfirio DÌaz, MÈx.",194
-99.790278,19.829167,MEX,PFBMX,"Francisco JosÈ Trinidad Fabela, MÈx.",82.04
-99.775,19.461667,MEX,PIRMX,"Ignacio RamÌrez, MÈx.",95.92
-99.248889,19.429444,MEX,PLMMX,"Palmas, MÈx.",72.39
-99.260833,19.526944,MEX,PMDMX,"MadÌn, MÈx.",107.5
-99.739722,20.124167,MEX,PMNMX,"El Molino, MÈx.",62.06
-99.864444,20.038611,MEX,PNDMX,"—adÛ, MÈx.",27.05
-99.268056,19.524444,MEX,PREMX,"Presa MadÌçn, MÈx. SMN*",49.8
-99.213333,19.408333,MEX,PTLMX,"Presa Totolica, MÈx.",127.6
-99.603333,19.213333,MEX,RECMX,"RectorÌa, MÈx.",114.41
-98.911111,19.530556,MEX,SADMX,"San AndrÈs (Texcoco), MÈx.",73.54
-99.704722,19.465833,MEX,SBBMX,"JosÈ Antonio Alzate, MÈx.",167
-99.764722,19.238333,MEX,SJHMX,"San Juan de las Huertas, MÈx.",109.5
-98.870833,19.190278,MEX,SLAMX,"San Luis Ameca, MÈx.",34.56
-99.741667,19.591667,MEX,SLBMX,"San Bartolo del Llano, MÈx.",65.04
-99.8,19.633333,MEX,SMLMX,"Santa MarÌa del Llano, MÈx.",131.01
-99.285,19.574444,MEX,SNJMX,"San Juan, Mex.",85.2
-98.858611,19.644722,MEX,SNLMX,"San Lucas, Mex.",52
-99.8,19.333333,MEX,TBRMX,"Tres Barrancas, MÈx.",88.63
-99.935833,18.931389,MEX,TESMX,"Texcaltitl·n, MÈx.",125.64
-98.900833,19.443611,MEX,TJCMX,"El Tejocote, MÈx.",86.41
-100.022778,19.904444,MEX,TM2MX,"Temascalcingo, MÈx.*",51.2
-99.283333,19.453889,MEX,TOTMX,"Totolica, Mex.",127.6
-99.961389,19.660833,MEX,TPTMX,"San AndrÈs Tepetitl·n, MÈx.",107.23
-100.283333,19.1,MEX,TROMX,"Trojes, MÈx.",83
-99.283056,19.4525,MEX,TTLMX,"Totolica (hidro), MÈx.",74.4
-99.123889,19.904722,MEX,TTQMX,"Tajo de Tequixquiac, Mex.",110.05
-100.18,19.2075,MEX,VBRMX,"Valle de Bravo, MÈx.",106.42
-99.334167,19.382222,MEX,VNDMX,"El Venado, MÈx.",69.11
-100.055556,19.461667,MEX,VVCMX,"Villa Victoria, MÈx.",83.01
-101.99,20.231389,MICH,ADUMC,"Adjuntas, Mich.",91.8
-100.608889,19.579722,MICH,AGOMC,"Agostitl·n, Mich.",237.7
-101.661111,19.926111,MICH,AMEMC,"Aristeo Mercado, Mich.",98.4
-102.371667,19.082778,MICH,APAMC,"Apatzing·n, Mich. SMN*",39.6
-102.371111,19.083056,MICH,APTMC,"Apatzing·n, Mich.",123.2
-101.669722,19.925556,MICH,ARMMC,"Aristeo Mercado SGT, Mich.",128
-102.419167,20.183889,MICH,BIBMC,"Barraje de Ibarra, Mich.",97.5
-101.459167,20.319444,MICH,CBLMC,"Casa Blanca, Mich.",58.42
-102.265278,19.973611,MICH,CHAMC,"Chaparaco, Mich.",117.41
-100.55,19.7,MICH,CHIMC,"Ciudad Hidalgo, Mich.",134.11
-102.774167,19.287778,MICH,CHLMC,"ConstituciÛn de Apatzing·n, Mich.",307
-100.9,18.5,MICH,CMNMC,"Caimanera, Mich.",95
-101.259167,19.629722,MICH,COIMC,"CoÌntzio, Mich.",172.75
-101.861667,20.207222,MICH,CORMC,"Corrales, Mich.",58.43
-100.421111,19.387778,MICH,DBOMC,"El Bosque, Mich.",89.51
-102.436944,20.304444,MICH,DGNMC,"De Gonzalo, Mich.",20.4
-100.45,19.966667,MICH,EGIMC,"El Gigante, Mich.",83.3
-102.541389,19.979167,MICH,GUAMC,"Guaracha, Mich.",65.7
-101.883333,18.266667,MICH,INFMC,"Infiernillo, Mich.",104.6
-102.601944,19.958333,MICH,JARMC,"Jaripo, Mich.",77.3
-101.626667,20.248889,MICH,LANMC,"Los ¡ngeles, Mich.",28.4
-101.940833,20.038333,MICH,LDFMC,"Laguna del Fresno, Mich.",37.7
-102.865556,19.210833,MICH,LOLMC,"Los Olivos, Mich.",225.01
-102.751389,20.146667,MICH,LPAMC,"La Palma, Mich.",19.2
-102.004444,20.354444,MICH,LPDMC,"La Piedad, Mich.",31.63
-102.9,18.8,MICH,LPNMC,"Los Panches, Mich.",67.2
-102.2,18.8,MICH,LPSMC,"La PastorÌa, Mich.",83.11
-101.616389,19.543611,MICH,LPTMC,"Lago de P·tzcuaro, Mich. SGT*",19.4
-101.2,18.8,MICH,LPZMC,"Los Pinzanes, Mich.",36.9
-101.1,19.7,MICH,MCEMC,"Morelia Centro, Mich.",131.62
-101.461389,20.323333,MICH,MKZMC,"Markazuza, Mich. SGT*",55
-102.2,17.899167,MICH,MLCMC,"Melchor Ocampo L. C., Mich.",314.5
-100.873611,19.829167,MICH,MLPMC,"MalpaÌs, Mich.",141.71
-100.29,19.539167,MICH,MMONII,"Mariposa Monarca 2, Mich. SMN*",14.8
-101.2,19.7,MICH,MNOMC,"Morelia Norte, Mich.",181.02
-101.724444,20.127222,MICH,MOCMC,"Melchor Ocampo, Mich.",96.02
-101.176111,19.688611,MICH,MORMC,"Morelia, Mich.",199.54
-100.879167,19.835556,MICH,MPSMC,"MalpaÌs, Mich. SGT*",122.2
-100.439167,19.890833,MICH,MRVMC,"MaravatÌo, Mich.",96.01
-102.325,19.964167,MICH,ORAMC,"Orandino, Mich.",86
-100.618889,20.277778,MICH,P3MEZQUITES,"Presa Tres Mezquites, Mich. SGT*",34.4
-101.05,19.49,MICH,PDBMC,"Planta de Bombeo, Mich.",62.56
-102.601389,19.959167,MICH,PDEGONZALO,"Presa de Gonzalo, Mich. SGT*",25.2
-102.431389,20.303056,MICH,PJARIPO,"Presa Jaripo, Mich. SGT*",78.2
-101.6,20.3,MICH,PORMC,"Pastor Ortiz, Mich.",55.96
-100.684167,19.621389,MICH,PUCMC,"Pucuato, Mich.",137.4
-102.136944,19.961389,MICH,PUREPETIRO,"Presa Urepetiro, Mich. SGT*",83
-102.716667,20.066667,MICH,SAHMC,"Sahuayo, Mich.",96.5
-102.464722,20.208333,MICH,SCRMC,"San CristÛbal, Mich.",43.51
-102.651389,19.839444,MICH,SJUMC,"San Juanico, Mich.",94
-102.4,20.1,MICH,SSIMC,"San SimÛn, Mich.",42
-100.229167,20.000278,MICH,TEPMC,"Tepuxtepec, Mich.",16.2
-100.299167,19.766389,MICH,TMUMC,"Tercer Mundo, Mich.",40.6
-102.137778,19.962222,MICH,UREMC,"Urepetiro, Mich.",97.73
-102.180278,18.048333,MICH,VILMC,"JosÈ MarÌa Morelos y PavÛn, Mich.",477.8
-101.45,19.55,MICH,VJIMC,"Villa JimÈnez, Mich.",129
-102.242222,20.339444,MICH,YURMC,"YurÈcuraro, Mich.",76.51
-102.284167,20.006667,MICH,ZAMMC,"Zamora, Mich.",174.6
-101.795,19.805278,MICH,ZCAMC,"Zacapu, Mich.",93.5
-101.931944,18.921111,MICH,ZICMC,"Zicuir·n, Mich.",109
-100.828611,19.860278,MICH,ZINMC,"ZinapÈcuaro, Mich.",58.86
-98.829167,18.947222,MOR,ACHMR,"Achichipico, Mor.",178.3
-99.265833,18.735,MOR,ALUMR,"Alpuyeca, Mor.",93.4
-99.463611,18.68,MOR,APAMR,"Apacingo, Mor.",90.4
-98.9,18.8,MOR,CUAMR,"Cuautla, Mor.",93.94
-99.2,18.9,MOR,CUEMR,"Cuernavaca, Mor.",170
-99.180278,18.573889,MOR,HIGMR,"HiguerÛn, Mor.",140.3
-99.424167,18.608333,MOR,HUAMR,"Huajintl·n, Mor.",160
-98.75,18.883333,MOR,HUEMR,"Hueyapan, Mor.",160.02
-99.015833,19.028889,MOR,HUIMR,"Huitzilac, Mor.",162.53
-99.025,18.441389,MOR,HUTMR,"Huautla, Mor.",116.4
-98.781667,18.936667,MOR,HUXMR,"Huecahuaxco, Mor.",234.4
-99.158611,18.883611,MOR,IMTMR,"Instituto Mexicano de TecnologÌa del Agua, Mor. SMN*",108.61
-98.8,18.7,MOR,JNCMR,"Jonacatepec, Mor.",111.81
-99.2,18.6,MOR,JOJMR,"Jojutla, Mor.",128.3
-98.916667,18.683333,MOR,LCUMR,"La Cuera, Mor.",27.11
-99.004722,18.727222,MOR,MYOMR,"Moyotepec, Mor.",65.18
-99.140833,18.519444,MOR,NEXMR,"Nexpa, Mor.",75.3
-98.901389,18.900556,MOR,OAXMR,"Oaxtepec, Mor.",124.8
-99.219167,18.908889,MOR,OBSMR,"Observatorio de Morelos, Mor.",174.9
-98.758611,18.8825,MOR,OCTMR,"Ocuituco, Mor.",196.5
-99.322778,18.633333,MOR,PIXMR,"Puente de Ixtla, Mor.",51.11
-99.156944,18.771111,MOR,PROMR,"Progreso (IMTA), Mor.",152
-99.331389,18.765278,MOR,RODMR,"El Rodeo, Mor.",144.4
-98.936111,18.541389,MOR,SHUAUTLA,"Sierra de Huautla, Mor. SMN*",18.8
-99.190556,18.918333,MOR,SLDMR,"Solidaridad, Mor.",164.52
-99.042778,18.580278,MOR,SPHMR,"San Pablo Hidalgo, Mor.",59.8
-99.2,18.9,MOR,TEMMR,"Temixco, Mor.",154.5
-99.078889,18.950833,MOR,TEPOZTLAN,"Tepoztl·n, Mor. SMN*",189.01
-98.710278,18.876389,MOR,TETMR,"Tetela del Volc·n, Mor.",155.4
-99.1,18.794167,MOR,TICMR,"Ticum·n, Mor.",115
-99.306111,18.487778,MOR,TILMR,"Tilzapotla, Mor.",132.32
-98.943611,19.038056,MOR,TLCMR,"Tlacualera, Mor.",172.15
-98.75,18.813333,MOR,TLOMR,"Tlacotepec, Mor.",130.51
-98.786944,18.778056,MOR,TMCMR,"Temoac, Mor.",77.5
-98.92,18.9875,MOR,TOTMR,"Totoloapan, Mor.",151.6
-98.843611,18.596389,MOR,TPLMR,"Tepalcingo, Mor.",37.6
-99.188333,18.521111,MOR,XICMR,"Xicatlacotla, Mor.",112.02
-99.1,18.9,MOR,YAHMR,"Yautepec, Mor.",195.41
-99.200833,18.636667,MOR,ZCTMR,"Zacatepec, Mor.",123.9
-105.354167,22.49,NAY,ACANR,"Acaponeta, Nay.",117.1
-105.403333,22.479444,NAY,ACAPONETA,"Acaponeta, Nay. SMN*",113.5
-104.802222,21.839167,NAY,AGMNR,"Aguamilpa Solidaridad, Nay.",231.5
-105.1125,21.831111,NAY,CAPNR,"Capomal, Nay.",167.15
-104.5,21.944167,NAY,CHPNR,"Chapalagana, Nay.",192.3
-104.450833,21.428333,NAY,CJNNR,"Leonardo RodrÌguez Alcaine, Nay.",98.8
-105.136667,20.889722,NAY,GAVNR,"Gaviotas, Nay.",157.05
-104.516944,22.250833,NAY,JMANR,"Jes˙s MarÌa, Nay.",108.1
-105.341667,22.558333,NAY,LESNR,"La Estancia, Nay.",112.1
-105.020833,22.377778,NAY,PAJNR,"Pajaritos, Nay.",112.48
-105.211667,22.119722,NAY,ROMNR,"Rosa Morada, Nay.",247.5
-104.8,21.8,NAY,RSRNR,"Reguladora San Rafael, Nay.",51.9
-105.1425,21.958333,NAY,RUINR,"Ruiz, Nay.",273.71
-104.891944,21.489444,NAY,TEPNR,"Tepic, Nay.",182.3
-99.680556,24.883333,NL,ADJNL,"Las Adjuntas, N.L.",88.75
-99.680556,24.897222,NL,ADJUNTASHUALA,"Las Adjuntas, N.L. SGT*",88.75
-100.011944,25.272778,NL,AL2NL,"Allende Dos, N. L.",40.47
-100.134444,27.24,NL,ANHNL,"An·huac, N.L.",30.56
-99.816667,24.1,NL,ARRNL,"Aramberri, N.L.",76.85
-99.911667,24.321944,NL,ASCNL,"La AscensiÛn, N.L.",36.52
-99.743889,24.99,NL,CABNL,"Cabezones, N.L.",52.23
-99.578889,24.871944,NL,CAMNL,"Camacho, N.L.",56.11
-100.274722,25.800556,NL,CANNL,"El Canad·, N.L.",60.25
-99.439444,24.976111,NL,CARNL,"Carmen de los Elizondo Linares, N. L.",33.53
-99.276944,25.711667,NL,CCHNL,"Cuchillo-Solidaridad, N.L.",32.53
-100.172222,25.952222,NL,CDFNL,"CiÈnega de Flores, N.L.",71.02
-99.975,25.590278,NL,CDRNL,"Cadereyta, N.L.",38.15
-99.399722,24.9375,NL,CPRNL,"JosÈ LÛpez Portillo, N.L.",33.61
-99.6975,24.783611,NL,CRUNL,"Crucitas, N.L.",120.9
-99.614167,26.091389,NL,CRVNL,"Cerralvo, N.L.",69.15
-100.172778,23.676389,NL,DARNL,"Doctor Arroyo, N.L.",37
-100.198056,25.5175,NL,ECSNL,"El Cerrito, N.L.",48.01
-100.083333,24.833333,NL,GALNL,"Galeana, N.L.",29.31
-100.014444,25.961944,NL,HGRNL,"Higueras, N.L.",28
-99.975556,25.765,NL,LAARENA,"La Arena, N.L. SGT*",65
-100.128056,25.428056,NL,LBCNL,"La Boca, N.L.",44.6
-99.527222,25.497222,NL,LERNL,"Las Enramadas, N.L.",38.04
-99.195833,26.023611,NL,LOSALDAMA,"Los Aldama, N.L. SMN*",37
-99.401389,25.898333,NL,LosHerrera,"Los Herrera, N.L. SGT*",23
-99.196667,26.022222,NL,MDRNL,"Madero, N.L.",66.55
-99.833333,25.174167,NL,MTMNL,"Montemorelos, N.L.",47.53
-100.271667,25.6825,NL,MTRNL,"Monterrey, N.L.",54.52
-100.118056,23.4225,NL,MYNNL,"Mier y Noriega, N.L.",41.31
-100.304722,25.733611,NL,OBSNL,"Observatorio de Nuevo LeÛn, N.L.",54.52
-99.221667,24.992778,NL,PAMNL,"La Pamona, N.L.",43.04
-100.372222,27.429167,NL,PSANL,"Salinillas, N.L.",38.51
-100.271667,26.509722,NL,RADIOSONDEOMTY,"Radiosondeo, Monterrey N.L. SGT*",99.25
-100.551111,25.028333,NL,SRANL,"San Rafael, N.L.",27.01
-99.77,25.503611,NL,Tepehuaje,"Cadereyta, N.L. SGT*",31.5
-100.271667,25.682778,NL,TOPOCHICO,"Topo Chico Monterrey, N.L. SGT*",4.44
-99.777778,23.981389,NL,ZRGNL,"Zaragoza, N.L.",66
-95.698889,16.009167,OAX,ASTOX,"Astata, Oax.",188.61
-96.1,17.016667,OAX,AYUOX,"Ayutla, Oax.",344.6
-96.716667,17.066667,OAX,BAEOX,"Base AÈrea, Oax.",70.3
-95.929167,16.647222,OAX,BOQOX,"Boquilla 1, Oax.",115.4
-96.263611,17.999167,OAX,CDOOX,"Miguel de la Madrid Hurtado, Oax.",521.81
-94.816667,16.583333,OAX,CHIOX,"Chicapa, Oax.",248.74
-96.658333,18.492778,OAX,CSPOX,"Cosolapa, Oax.",386.5
-96.416667,18.233333,OAX,DPSOX,"Dique Pescaditos, Oax.",571.9
-95.424722,16.436389,OAX,EMAOX,"El MarquÈs (RÌo Tehuantepec), Oax.",101.51
-97.783333,17.8,OAX,HLOOX,"Observatorio de Huajuapan de LeÛn, Oax.",43.61
-95.1,16.583333,OAX,IXTOX,"Ixtepec, Oax.",161.71
-96.2,17.866667,OAX,JACOX,"Jacatepec, Oax.",1403.8
-95.397778,16.445556,OAX,JDMOX,"Presidente Benito Ju·rez, Oax.",67.01
-95.033333,16.433333,OAX,JUCOX,"Juchitan, Oax.",172.31
-95.2,16.6,OAX,KM1OX,"km 33+190, Oax.",79.9
-95.716667,16.416667,OAX,KM2OX,"km 51+740, Oax.",54
-96.905556,18.210556,OAX,LCAOX,"La Carbonera, Oax.",185.9
-97.688333,15.966667,OAX,LCHACAHUA,"Laguna Chacahua, Oax. SMN*",212.2
-95.3,16.4,OAX,LPIOX,"Las Pilas, Oax.",51.51
-95.483333,17.45,OAX,MAROX,"MarÌa Lombardo, Oax.",298.01
-95.036389,16.882778,OAX,MROOX,"MatÌas Romero, Oax. SMN*",142.99
-96.779722,18.360278,OAX,NAROX,"Naranjastitla, Oax.",510.34
-96.733333,17.066667,OAX,OACOX,"Oaxaca Centro, Oax.",93.01
-96.7,17,OAX,OAOOX,"Observatorio de Aeropuerto Oaxaca, Oax.",143.9
-94.4,16.5,OAX,OSTOX,"Ostuta, Oax.",405.52
-96.083333,18.166667,OAX,PAPOX,"Papaloapan, Oax.",539.01
-96.483333,15.666667,OAX,PTAOX,"Puerto ¡ngel, Oax.",298.3
-95.281389,16.476111,OAX,RHOOX,"RÌo Hondo, Oax.",110.4
-95.916667,17.733333,OAX,RMLOX,"RÌo Manso Lalana, Oax.",635.2
-97.725,16.102778,OAX,RVEOX,"RÌo Verde, Oax.",290.3
-95.186944,16.168333,OAX,SALINACRUZmar,"Salina Cruz, Oax. SEMAR*",0
-95.165,16.283056,OAX,SBLOX,"San Blas Atempa, Oax.",155.53
-96.55,17.266667,OAX,SCIOX,"Ixtepeji (S. Catarina I.), Oax.",233.5
-95.2,16.183333,OAX,SCROX,"Salina Cruz, Oax.",71.3
-96.533333,17.883333,OAX,SFUOX,"San Felipe Usila, Oax.",1282
-96.453611,17.1175,OAX,SMAOX,"San Antonio Cuajimoloyas, Oax.",259.05
-96.933333,17.516667,OAX,SNAOX,"Santiago Nacaltepec, Oax.",228.83
-96.55,18.05,OAX,STDOX,"Santo Domingo, Oax.",512.2
-95.2,16.3,OAX,TEHOX,"Tehuantepec, Oax.",57.72
-96.412222,18.232222,OAX,TEMOX,"Presidente Alem·n, Oax.",468.4
-95.6,16.416667,OAX,TEQOX,"Tequisistl·n, Oax.",44.72
-96.133333,18.083333,OAX,TUXOX,"Tuxtepec, Oax.",569.3
-96.381389,17.925556,OAX,UCFOX,"CFE-Usila, Oax.",803.3
-94.833333,16.45,OAX,UHGOX,"UniÛn Hidalgo, Oax.",258
-96.3,17.776389,OAX,VANOX,"Valle Nacional, Oax.",878.02
-97.826111,17.724444,OAX,YOSOX,"Yosocuta, Oax.",54.56
-95.93,17.15,OAX,ZACOX,"Zacatepec, Oax.",842.94
-94.216111,16.4025,OAX,ZANOX,"Zanatepec, Oax.",325.62
-97.418056,19.45,PUE,ACHPB,"Alchichilca, Pue.",63.62
-97.934167,19.0625,PUE,ACJPB,"Acajete, Pue.",113.11
-98.055,18.277222,PUE,ADOPB,"Acatl·n de Osorio, Pue.",100.1
-98.135833,18.9425,PUE,AFRPB,"Africam, Pue.",154.3
-98.148056,20.033056,PUE,AHUPB,"Ahuazontepec, Pue.",123.3
-97.845,20.406944,PUE,APAPB,"Apapantilla, Pue.",333.8
-98.420833,18.921111,PUE,ATXPB,"Atlixco, Pue.",123.1
-97.881111,20.385833,PUE,AVCPB,"¡vila Camacho, Pue.",288.02
-97.503333,19.961389,PUE,BAIPB,"Buenos Aires, Pue. CFE.",564.12
-98.108611,18.9125,PUE,BDDPB,"Manuel ¡vila Camacho, Pue.",104.33
-97.441667,18.987222,PUE,CDSPB,"Ciudad Serd·n, Pue.",111.02
-97.958333,18.968889,PUE,CEMPB,"Cemex, Pue.",91.8
-98.579167,18.516111,PUE,CHIPB,"Chietla, Pue.",75.52
-98.318056,19.068611,PUE,CHLPB,"Cholula, Pue.",116
-98.567778,18.109722,PUE,CHSPB,"Chila de la Sal, Pue.",49.4
-98.198611,19.022778,PUE,CNAPB,"Conagua, Pue.",93.7
-98.049722,19.743333,PUE,CNGPB,"Chignahuapan, Pue.",166.83
-98.164722,18.612778,PUE,COAPB,"Coatzingo, Pue.",76.5
-98.059444,19.092778,PUE,CPLPB,"Capulac, Pue.",106.82
-97.516667,20.033333,PUE,CTZPB,"Cuetzalan, Pue.",702.24
-98.275556,18.966111,PUE,ECHPB,"EcheverrÌa, Pue.",105.01
-98.456111,19.101111,PUE,HJTPB,"Huejotzingo, Pue.",88.96
-98.540278,18.772222,PUE,HQCPB,"Huaquechula, Pue.",120.92
-98.050833,20.176389,PUE,HUAPB,"Huauchinango, Pue.",425.8
-97.815833,19.621667,PUE,IXTPB,"Ixtacamaxtitl·n, Pue.",77.93
-98.466389,18.610833,PUE,IZMPB,"Iz˙car de Matamoros, Pue.",101
-97.691111,19.457222,PUE,LIBPB,"Libres, Pue.",74
-98.231111,19.010556,PUE,MAYPB,"Mayorazgo 21 Poniente, Pue.",120.68
-97.850278,20.733056,PUE,MTLPB,"Metlaltoyuca, Pue.",222.51
-98.002222,20.216389,PUE,NECAXASGT,"Necaxa, Pue. SGT*",162
-98.000556,20.216667,PUE,NNEPB,"Necaxa, Pue.",261.7
-97.533333,19.7,PUE,OYAPB,"Oyameles, Pue.",123.07
-98.156667,20.2775,PUE,PAHUATLAN,"Pahuatl·n de Valle, Pue. SGT*",234.1
-97.251389,18.918056,PUE,PCRPB,"Paso Carretas, Pue.",256.5
-98.264722,18.2,PUE,PIXPB,"Piaxtla, Pue.",32.5
-97.702778,20.445833,PUE,PTEPALOMAS,"Puente Palomas, Pue. SGT*",322.7
-97.883333,20.233333,PUE,PTLPB,"Patla, Pue.",473.2
-98.166667,19.05,PUE,PUOPB,"Observatorio de Puebla, Pue.",177.3
-97.616667,19.25,PUE,QUIPB,"Quimixtl·n, Pue.",223.11
-97.401667,20.116111,PUE,RNAPB,"Rancho Nuevo (Ayotoxco), Pue.",374.2
-98.22,19.113056,PUE,SCRPB,"San CristÛbal Caleras, Pue.",78.46
-97.91,18.735,PUE,SMCPB,"San Miguel Canoa, Pue.",83.06
-97.446667,19.960833,PUE,SOLPB,"La Soledad, Pue.",516.44
-97.486389,19.952778,PUE,STLPB,"Sontalaco, Pue. CFE.",504.94
-97.7925,20.004444,PUE,TDRPB,"Tepango de RodrÌguez, Pue.",590.5
-97.7525,18.878889,PUE,TECPB,"Tecamachalco, Pue.",56.45
-97.395556,18.479167,PUE,TEHPB,"Tehuac·n, Pue.",98.61
-98.777222,18.451944,PUE,TELPB,"Teotlalco, Pue.",30.51
-97.805833,19.829444,PUE,TEOPB,"Tetela de Ocampo, Pue.",224.42
-97.794167,20.000833,PUE,TEPPB,"Tepexic, Pue.",406.8
-97.430556,18.468889,PUE,TETPB,"Teopilco, Pue.",47.61
-97.390556,19.887778,PUE,TEZIUTLAN,"Teziutl·n, Pue. SMN*",352.8
-97.956944,19.815278,PUE,TEZPB,"Teziutl·n, Pue.",499.62
-96.849722,18.405,PUE,TLPPB,"Tlacotepec de DÌaz, Pue.",774.5
-98.040556,20.374167,PUE,TLXPB,"Tlaxco, Pue.",398.01
-97.491944,19.489167,PUE,TPYPB,"Tepeyahualco, Pue.",41.03
-96.861389,18.483611,PUE,TYAPB,"Tepeyac, Pue.",628.1
-97.675833,20.510278,PUE,VENPB,"Venustiano Carranza, Pue.",267.5
-97.956944,20.277222,PUE,XDJPB,"Xicotepec de Ju·rez, Pue.",445.3
-97.585,19.859722,PUE,ZCPPB,"Zacapoaxtla, Pue.",344.5
-97.011389,18.332222,PUE,ZOQPB,"Zoquitl·n, Pue.",477
-97.832778,20.178611,PUE,ZRGPB,"Zaragoza, Pue.",414.2
-100.490833,20.592222,QRO,ADJQT,"Las Adjuntas, Qro. SGT*",33
-100.269444,20.704167,QRO,AMZQT,"Amazcala, Qro. SGT*",44.8
-100.354167,20.5025,QRO,BATQT,"El Bat·n, Qro.",27
-100.435556,20.604167,QRO,CARQT,"Carrillo, Qro.",18.4
-100.080278,20.418611,QRO,CNSQT,"ConstituciÛn de 1917, Qro.",57.2
-100.453333,20.535,QRO,EPUQT,"El Pueblito, Qro.",20
-100.366667,20.566667,QRO,GHQQT,"Gerencia Hidalgo, Qro.",16.9
-99.9625,20.198611,QRO,IDFQT,"San Ildefonso, Qro.",58.3
-99.479722,21.230278,QRO,JLPQT,"Jalpan, Qro.",43.7
-100.45,20.7,QRO,JRQQT,"Juriquilla, Qro.",45.9
-100.23,20.62,QRO,MARQT,"El MarquÈs, Qro.",21.2
-100.366667,20.566667,QRO,OBSQT,"Observatorio de QuerÈtaro, Qro.",22.3
-99.815,21.055833,QRO,PMLQT,"PeÒamiller, Qro.",10.71
-100,20.3625,QRO,SJSQT,"San JosÈ, Qro.",133.7
-86.886944,21.142778,QROO,CANCUN_ESIME,"Canc˙n, Q. Roo. SMN* ESIME",103.2
-86.820278,21.156667,QROO,CANQR,"Canc˙n, Q. Roo.",114.1
-87.300556,18.755556,QROO,CHINCHORROMAR,"Banco Chinchorro, Q. Roo. SEMAR*",129.22
-88.3275,18.500556,QROO,CHOQR,"Chetumal, Q. Roo.",177.6
-86.775833,21.074444,QROO,CNCQR,"Canc˙n, Q. Roo. SMN*",149.2
-86.946111,20.51,QROO,COZQR,"Cozumel, Q. Roo.",193.6
-88.045,19.575556,QROO,FCRQR,"Felipe Carrillo Puerto, Q. Roo.",278.9
-87.077778,20.634444,QROO,PDCQR,"Playa del Carmen, Q. Roo.",118.9
-109.183333,25.916667,SIN,AHMSI,"Ahome, Sin.",4
-107.383333,25.090278,SIN,AL2SI,"El Varejonal (hidro), Sin.",15.51
-107.388333,25.101389,SIN,ALMSI,"Adolfo LÛpez Mateos, Sin.",15.5
-108.7,25.7,SIN,ARCSI,"Adolfo RuÌz CortÌnes, Sin.",36
-107.466667,25.033333,SIN,AWSSI,"Andrew Weiss, Sin.",32.7
-107.5375,25.333333,SIN,BDRSI,"Badiraguato, Sin.",35.53
-108.329167,26.736111,SIN,CHXSI,"Choix EstaciÛn, Sin.",5.8
-107.4,24.816667,SIN,CLCSI,"Culiac·n, Sin.",43.53
-109.333333,26.1,SIN,CRRSI,"El Carrizo, Sin.",13
-108.065556,25.484722,SIN,EBLSI,"Lic. Eustaquio Buelna, Sin.",99.7
-108.616667,26.433333,SIN,EFTSI,"El Fuerte, Sin.",7
-108.316667,26.083333,SIN,GB2SI,"El Sabinal (hidro), Sin.",34
-108.3275,28.95,SIN,GBESI,"Ing. Guillermo Blake Aguilar, Sin.",32
-107.911944,25.855278,SIN,GD2SI,"Bacurato (hidro) presa Gustavo Diaz Ord·z, Sin.",30.01
-107.911111,25.856667,SIN,GDOSI,"Gustavo DÌaz Ordaz, Sin.",30
-108.091667,25.469444,SIN,GMCSI,"Guam˙chil, Sin.",99.73
-108.466667,25.716667,SIN,GSVSI,"Guasave, Sin.",47.4
-107.225,25.344444,SIN,GTNSI,"Guatenipa, Sin.",78.5
-109.333333,25.983333,SIN,HDZSI,"Higuera de Zaragoza, Sin.",6.5
-106.595833,23.955556,SIN,IXPSI,"Ixpalino, Sin.",27.54
-107.059444,24.753611,SIN,JGRSI,"Juan Guerrero Alcocer, Sin.",27
-106.807222,24.571667,SIN,JLPSI,"JosÈ LÛpez Portillo, Sin.",37.01
-108.013889,25.9,SIN,JNASI,"Jaina, Sin.",94.52
-108.7025,26.426944,SIN,JORSI,"Josefa Ortiz de DomÌnguez, Sin.",6
-106.9,23.916667,SIN,LCRSI,"La Cruz, Sin.",41
-108.35,26.904167,SIN,LD2SI,HUITES (HIDRO),26
-108.367778,26.844722,SIN,LDCSI,"Luis Donaldo Colosio, Sin.",26
-109,25.8,SIN,MCHSI,"Los Mochis, Sin.",16.6
-106.4,23.233333,SIN,MZTSI,"Mazatl·n, Sin.",111.81
-107.440556,24.634722,SIN,OBSSI,"Observatorio de Culiac·n, Sin.",0.6
-108.58,26.509722,SIN,PMHSI,"Miguel Hidalgo, Sin.",5.1
-106.466667,23.5625,SIN,QLTSI,"Quelite, Sin.",28.31
-107.755833,25.124722,SIN,RAVSI,"EstaciÛn Rancho Viejo, Sin.",20.02
-105.85,22.983333,SIN,RSRSI,"Rosario, Sin.",219
-108.779167,26.073611,SIN,SFRSI,"Sufragio, Sin.",20
-107.5,25.3,SIN,SJNSI,"San Juan, Sin.",35.2
-107.1,24.8,SIN,SLRSI,"San Lorenzo, Sin.",5.52
-107.158333,24.813889,SIN,SN2SI,"Sanalona (hidro), Sin.",50.66
-107.151389,24.815,SIN,SNLSI,"Sanalona, Sin.",50.61
-106.25,23.35,SIN,SQRSI,"Siqueros, Sin.",44.04
-108.129167,26.9,SIN,TBRSI,"San Francisco, Sin.",11.03
-105.846944,23.088333,SIN,TORSI,"Las Tortugas, Sin.",165.7
-107.059722,24.7475,SIN,VINSI,"Vinoramas, Sin.",27.01
-108.359722,25.741667,SIN,ZOPSI,"El Zopilote, Sin.",63.51
-98.955833,21.748889,SLP,BLMSL,"Ballesmi, S.L.P.",232.6
-99.016667,21.983333,SLP,CDVSL,"Ciudad Valles, S.L.P.",131
-99.330556,22.518889,SLP,ELNARANJO,"El Naranjo, S.L.P. SGT*",175.8
-99.251389,21.907778,SLP,GALLINAS,"Gallinas, S.L.P. SGT*",319.6
-99.239444,21.906944,SLP,GANSL,"Gallinas, S.L.P.",321.6
-100.820556,21.88,SLP,IVGSL,"ValentÌn Gama, S.L.P.",18.25
-100.642778,23.656944,SLP,MATSL,"Matehuala, S.L.P.",94.45
-99.159444,22.12,SLP,MICSL,"Micos, S.L.P.",43.8
-98.8,21.333333,SLP,MTPSL,"Matlapa, S.L.P.",274.5
-99.32,22.523333,SLP,NRJSL,"Naranjos, S.L.P.",176.6
-100.762222,21.849722,SLP,OCTSL,"Ojo Caliente, S.L.P.",18.25
-99.830556,21.651111,SLP,PMYSL,"Pedro Montoya (San Ciro), S.L.P.",76.83
-98.939722,21.847222,SLP,PUJSL,"El Pujal, S.L.P.",94.8
-98.889722,21.422222,SLP,REQUETEMU,"Requetemu, S.L.P. SGT*",236.2
-98.888611,21.425,SLP,RQTSL,"Requetemu, S.L.P.",243.6
-99.995,21.931389,SLP,RVDSL,"RÌo Verde, S.L.P.",63.51
-98.611667,21.68,SLP,SANVICENTE,"San Vicente, S.L.P. SGT*",283.8
-101.683333,22.633333,SLP,SDHSL,"Salina de Hidalgo, S.L.P.",43.03
-101,22.2,SLP,SGRSL,"Soledad Graciano, S.L.P.",11.92
-101.019167,22.148056,SLP,SLPSL,"San Luis PotosÌ, S.L.P.",19.4
-99.055833,22.02,SLP,STRSL,"Santa Rosa, S.L.P.",193.2
-98.617222,21.692778,SLP,SVTSL,"San Vicente, S.L.P.",288.8
-99.146111,21.822222,SLP,TANCHACHIN,"TanchachÌn, S.L.P. SGT*",201
-98.857222,21.246667,SLP,TBLSL,"Tierra Blanca, S.L.P.",263.8
-98.756111,21.227778,SLP,TEMAMATLA,"Temamatla, S.L.P. SGT*",76.6
-98.862222,21.243056,SLP,TIERRABLANCA,"Tierra Blanca, S.L.P. SGT*",254.8
-98.773333,22.003611,SLP,TMISL,"TamuÌn, S.L.P.",51.6
-110.226111,29.825,SON,ACNSO,"Aconchi, Son.",92.51
-102.371667,21.78,SON,AGCSO,"Agua Caliente, Son.",53.51
-108.937778,27.021667,SON,ALMSO,"¡lamos, Son.",43
-111.733333,30.716667,SON,ALTSO,"Altar, Son.",49.8
-109.8925,27.8225,SON,AOBSO,"¡lvaro ObregÛn, Son.",74.51
-109.106667,27.226111,SON,ARCSO,"Adolfo RuÌz CortÌnes, Son.",11.72
-109.088611,30.07,SON,ARISO,"Aribabi, Son.",99.92
-110.92,29.076667,SON,ARLSO,"Abelardo RodrÌguez Lujan, Son.",86.1
-110.1675,30.335833,SON,ARZSO,"Arizpe, Son.",100
-110.238611,30.598889,SON,BCNSO,"Bacanuchi, Son.",81.72
-108.931667,30.355278,SON,BCRSO,"Bacerac, Son.",45.03
-110.215,30.003611,SON,BNMSO,"Banamichi, Son.",54.02
-109.666667,26.95,SON,BSCSO,"Basconcobe, Son.",30.01
-109.968333,27.3,SON,C1CSO,"Calle Mil Doscientos y Canal Bajo, Son.",39.51
-110.013056,27.483889,SON,C2CSO,"Calle Doscientos y Canal Bajo, Son.",34.53
-109.979722,27.410278,SON,C6CSO,"Calle Seiscientos y Canal Bajo, Son.",31.51
-109.625,27.416667,SON,CCRSO,"Cocoraque, Son.",26.51
-111.516389,30.873333,SON,CHTSO,"CuauhtÈmoc, Son.",26.5
-109.495,27.011944,SON,CINSO,"Casa del Ciano, Son.",107
-110.736389,29.472222,SON,CJNSO,"El CajÛn, Son.",68.51
-110.290833,30.98,SON,CNNSO,"Cananea, Son.",125.22
-109.938056,27.5,SON,COBSO,"Ciudad ObregÛn, Son.",49.42
-110.180278,27.300556,SON,CP1SO,"Calle Cuatro y ProlongaciÛn Doce, Son.",32.03
-110.248611,27.425556,SON,CP6SO,"Calle Cuatro y ProlongaciÛn Seis, Son.",17.52
-109.636944,27.244167,SON,CRCSO,"C·rcamo, Son.",35.01
-108.7625,26.603611,SON,CZNSO,"Cazanate, Son.",9
-109.233333,29.2,SON,ECBSO,"El Cubil, Son.",49.91
-110.8,27.95,SON,EPLSO,"Empalme, Son.",36.5
-109.629167,26.906944,SON,ETCSO,"Etchojoa, Son.",90
-110.85,27.95,SON,GYMSO,"Guaymas, Son.",46.61
-110.916667,29.066667,SON,HM2SO,"Observatorio de Hermosillo, Son.",86.7
-110.925833,29.073056,SON,HMNSO,"Hermosillo, Son.",79
-109.904167,27.713056,SON,HORSO,"Hornos, Son.",47.01
-108.957222,30.210556,SON,HSHSO,"Huachinera, Son.",102.02
-109.630556,26.822778,SON,HTBSO,"Huatabampo, Son.",90
-110.886944,30.761667,SON,IMRSO,"Imuris, Son.",69.22
-110.396944,28.426389,SON,IRASO,"Ignacio R. Alatorre, Son.",70
-109.701944,26.801944,SON,JPRSO,"J˙pare, Son.",55
-109.6,27.1,SON,K10SO,"km 108 de Canal Alto, Son.",37.02
-109.896389,27.706667,SON,K14SO,"km 14 de Canal Alto, Son.",53.5
-108.8725,27.642222,SON,K25SO,"km 25 de Canal Alto, Son.",55.02
-109.873889,27.560278,SON,K39SO,"km 39 de Canal Alto, Son.",70.01
-109.858611,27.354444,SON,K68SO,"km 68 de Canal Alto, Son.",66.02
-109.933333,27.483333,SON,K91SO,"km 91 de Canal Alto, Son.",18.04
-109.378889,30.437778,SON,LCDSO,"L·zaro C·rdenas, Son.",40
-109.710833,26.878611,SON,LNDSO,"Lindero, Son.",41
-109.402222,26.806667,SON,MMNSO,"Mumuncuera, Son.",41
-110.137778,29.003611,SON,MZTSO,"Mazat·n, Son.",119.41
-109.542778,27.076944,SON,NCHSO,"Nachuquis, Son.",55
-109.6875,30.374444,SON,NCZSO,"Nacozari, Son.",59.2
-110.947222,31.318889,SON,NGLSO,"Nogales, Son.",79.6
-109.443333,27.071944,SON,NVJSO,"Navojoa, Son.",57.52
-112.85,31.866667,SON,NYNSO,"Sonoyta, Son.",106.01
-110.706111,29.229722,SON,ORGSO,"El Oregano, Son.",75.8
-109.083333,29.433333,SON,PDNSO,"Paso Nacori, Son.",94.11
-109.642222,28.976667,SON,PECSO,"Plutarco ElÌas Calles, Son.",129.5
-109.930278,27.598333,SON,PFDSO,"Porfirio DÌaz, Son.",58.01
-110.725556,29.2125,SON,PMOSO,"Ing. Rodolfo FÈlix ValdÈs, Son.",91.11
-110.308333,28.472222,SON,PTASO,"Punta de Agua 2, Son.",128.32
-112.116667,30.697778,SON,PTQSO,"Pitiquito, Son.",44
-111.021389,30.050556,SON,QRBSO,"Querobabi, Son.",62
-108.876667,27.411944,SON,SBNSO,"San Bernardo, Son.",47.75
-110.239167,28.713333,SON,SJPSO,"San JosÈ de Pimas, Son.",107.52
-114.783333,32.483333,SON,SLCSO,"San Luis RÌo Colorado, Son.",16.01
-109.453333,26.918333,SON,SNHSO,"Sinahuiza, Son.",42
-109.623611,27.025833,SON,SPESO,"San Pedro, Son.",51
-111.445278,30.394722,SON,SRSSO,"Santa Rosa 2, Son.",75.52
-109.358333,27.171111,SON,TESSO,"Tesia, Son.",4
-109.5,29.534722,SON,TPCSO,"Tepache, Son.",91.24
-109.2125,27.658333,SON,TSOSO,"Tesocoma, Son.",50.5
-110.289722,27.643611,SON,VCMSO,"VÌcam, Son.",56.5
-109.841944,27.125556,SON,VJZSO,"Villa Ju·rez, Son.",26.02
-109.223056,26.983611,SON,VRNSO,"Veranito, Son.",0
-108.927778,28.371389,SON,YCRSO,"YÈcora, Son.",84.03
-93.488333,17.546667,TAB,AMACONITE2ASEC,"Amacohite 2a SecciÛn P. Civil, Tab.",206.2
-91.483333,17.433333,TAB,BDCTB,"Boca del Cerro, Tab.",207.9
-93.413611,17.808889,TAB,CARTB,"C·rdenas, Tab.",275
-91.229167,17.289722,TAB,CUSUMACINTA,"CaÒÛn Usumacinta, Tab. SMN*",177.2
-92.916667,17.98,TAB,EMUTB,"Villahermosa Muelle, Tab.",111.6
-92.814722,18.043611,TAB,EPOTB,"El Porvenir, Tab.",82
-92.916667,17.966667,TAB,GABTB,"Gaviotas 2, Tab.",89.8
-93,17.975,TAB,GONTB,"Gonz·lez, Tab.",136.2
-92.807778,18.037222,TAB,LAGSANJULIAN,"Laguna San Julian, Tab. SGT*",7.44
-92.6,17.766667,TAB,MACTB,"Macuspana, Tab.",180.1
-92.753333,17.391667,TAB,OXOTB,"Oxolot·n, Tab.",228.3
-93.33,18.42,TAB,PARAISO,"ParaÌso, Tab. SMN*",130.25
-93.386111,17.769444,TAB,PAREDON,"ParedÛn HC, Tab. SGT*",100.4
-92.646389,18.406389,TAB,PCENTLA,"Pantanos de Centla, Tab. SMN*",174.8
-92.879167,17.854167,TAB,PNVTB,"Pueblo Nuevo, Tab.",233.2
-92.976944,17.980278,TAB,POSTA,"La Posta, Tab. SGT*",252.2
-93.383333,17.815278,TAB,PTESOLIDARIDAD,"Puente Solidaridad, Tab. SGT*",148.6
-92.9375,17.566667,TAB,PUYTB,"Puyacatengo, Tab.",267.2
-93.291667,17.979167,TAB,SAMTB,"Samaria, Tab.",288.4
-91.158333,17.791667,TAB,SPTTB,"San Pedro, Tab.",231.9
-92.816667,17.466667,TAB,TAPTB,"Tapijulapa, Tab.",147
-92.966667,17.566667,TAB,TEATB,"Teapa, Tab.",259
-92.607222,18.384722,TAB,TRESBRAZOS,"Tres Brazos, Tab. SGT*",105.4
-92.96,17.96,TAB,VIEJOMEZCALAPA,"Viejo Mezcalapa, Tab. SGT*",70.2
-93.8325,17.965556,TAB,ZAMAPA2ASECC,"Zamapa 2a. SecciÛn, Tab. ProtecciÛn Civil*",56.8
-98.370556,24.046667,TAMS,ABASOLO,"Abasolo, Tamps. SGT*",97.9
-98.39,24.065556,TAMS,ABSTP,"Abasolo, Tamps.",98.4
-99.148889,22.987778,TAMS,AHUALULCOTP,"Ahualulco, Tamps. SGT*",304.8
-97.926944,22.386111,TAMS,BALTP,"Bombas Altamira, Tamps.",74.6
-99.215278,24.103333,TAMS,BARRETALI,"Barretal 1, Tamps. SGT*",51.5
-99.123333,24.079444,TAMS,BARRETALII,"Barretal 2, Tamps. SGT*",88.4
-99.123056,24.080556,TAMS,BR1TP,"El Barretal 1, Tamps.",52
-99.215,24.1025,TAMS,BRRTP,"El Barretal, Tamps.",89.3
-97.876111,22.238333,TAMS,BTCHAIREL,"Boca Toma Chairel, Tamps. SGT*",63
-97.772222,23.051944,TAMS,BTORDO,"Barra del Tordo, Tamps. SMN*",49.53
-98.5975,26.238056,TAMS,CDOTP,"S-J-2-18 Ciudad DÌaz Ordaz, Tamps.",57.81
-98.8,26.25,TAMS,CMGTP,"S-J-2-11 Camargo, Tamps.",43.15
-99.25,26.416667,TAMS,CMRTP,"Mier, Tamps.",88.43
-97.818333,25.638889,TAMS,CONTP,"Control, Tamps.",89.05
-98.936389,23.937778,TAMS,CORONA,"Corona, Tamps. SGT*",58.7
-98.935833,23.939167,TAMS,CORTP,"Corona, Tamps.",61.2
-99.166667,23.716667,TAMS,CVCTP,"Observatorio de Ciudad Victoria, Tamps.",102.1
-99.1875,23.730278,TAMS,CVTTP,"Ciudad Victoria (Gerencia), Tamps.",132.7
-99.083333,23.383333,TAMS,ENNTP,"La Encantada, Tamps.",0
-98.691667,22.605,TAMS,ERCTP,"Estudiante Ramiro Caballero Dorantes, Tamps.",69.4
-98.1575,24.842778,TAMS,FD2TP,"San Fernando, Tamps. SMN*",46.73
-98.158333,24.843889,TAMS,FDOTP,"San Fernando, Tamps.",79.3
-99.078056,23.385556,TAMS,LAENCANTADA,"La Encantada, Tamps. SGT*",67
-99.120556,22.852778,TAMS,LASERVILLETA,"La Servilleta, Tamps. SGT*",91.2
-99.548333,26.816944,TAMS,LASTORTILLASC,"Las Tortillas RÌo Salado, Tamps. SGT*",6.4
-99.233611,26.408889,TAMS,LBLTP,"Derivadora Las Blancas, Tamps.",91.55
-99.116667,22.833333,TAMS,LSRTP,"La Servilleta, Tamps.",91.4
-98.713611,22.796944,TAMS,MAGISCATZIN,MagiscatzÌn Tamps. SGT*,47
-99.551111,24.566667,TAMS,MAGTP,"Magueyes, Tamps.",105.2
-99.546944,24.570278,TAMS,MAGUEYES,"Magueyes, Tamps. SGT*",105.6
-97.522778,25.833333,TAMS,MATTP,"Matamoros, Tamps.",5.03
-97.844167,22.283889,TAMS,MDRTP,"Madero, Tamps.",81.3
-99.040833,26.374167,TAMS,MGATP,"S-J-1-2 Miguel Alem·n, Tamps.",78.74
-98.705556,22.795833,TAMS,MGSTP,"MagiscatzÌn Dos, Tamps.",47.2
-99.434444,24.2525,TAMS,MHGTP,"Miguel Hidalgo, Tamps.",242.3
-98.925556,26.204722,TAMS,MRGTP,"Marte R. GÛmez, Tamps.",74.91
-99.506944,27.498333,TAMS,NLRIOBRAVO,"Nuevo Laredo RÌo Bravo, Tamps. SGT*",55.5
-99.53,27.44,TAMS,NUEVOLAREDO,"Nuevo Laredo, Tamps. SGT*",40.25
-99.490278,27.495556,TAMS,NVLTP,"Nuevo Laredo, Tamps.",45.2
-98.901944,24.041389,TAMS,PADILLA,"Padilla, Tamps. SGT*",117.3
-98.9,24.05,TAMS,PADTP,"Padilla, Tamps.",117.5
-97.8,25.8,TAMS,PANTP,"Pueblo An·huac, Tamps.",85.21
-98.742778,23.725556,TAMS,PASOMOLINA,"Paso de Molina, Tamps. SGT*",98.9
-98.745833,23.726667,TAMS,PDMTP,"Paso de Molina, Tamps.",103.5
-98.867778,24.115,TAMS,PILON,"PilÛn, Tamps. SGT*",95.3
-98.901667,24.138333,TAMS,PILTP,"PilÛn, Tamps.",95.1
-99.555833,24.2475,TAMS,PJMTP,"Pedro JosÈ MÈndez, Tamps.",84.8
-99.219444,26.406111,TAMS,PLASBLANCAS,"Presa Las Blancas SGT, Tamps.",81.5
-99.5975,24.184167,TAMS,PTODEVALLES,"Puerto de Valles, Tamps. SGT*",113.9
-99.583333,24.183333,TAMS,PVLTP,"Puerto de Valles, Tamps.",117.4
-98.908056,26.35,TAMS,RANCHERIA,"Dren RancherÌas, Tamps. SGT*",40.25
-99.004167,22.845278,TAMS,RFRTP,"RÌo FrÌo, Tamps.",82.7
-98,25.966667,TAMS,RIBTP,"RÌo Bravo, Tamps.",111.41
-99.026111,22.843056,TAMS,RIOFRIO,"RÌo FrÌo, Tamps. SGT*",67.6
-97.991944,23.259444,TAMS,RSPTP,"Rep˙blica EspaÒola, Tamps.",58.1
-98.285833,26.079722,TAMS,RYATP,"S-J-3-42 Reynosa, Tamps.",59.53
-98.883333,26.166667,TAMS,RYNTP,"S-J-2-9 Reynosa, Tamps.",59.53
-98.869722,22.783889,TAMS,SACADEAGUA,"Saca de Agua, Tamps. SGT*",58.7
-99.094444,23.022778,TAMS,SBNTP,"Sabinas, Tamps.",218.35
-98.869444,22.784444,TAMS,SDATP,"Saca de Agua, Tamps.",57.4
-98.787222,23.083611,TAMS,SGBTP,"San Gabriel, Tamps.",116
-98.210833,23.7675,TAMS,SLMTP,"Soto la Marina, Tamps.",96.51
-98.791389,22.943889,TAMS,SLZTP,"Lic. Emilio Portes Gil, Tamps.",76.4
-99.274167,24.0225,TAMS,STETP,"Santa Engracia, Tamps.",89
-98.421944,22.413889,TAMS,TAMESI,"Tamesi, Tamps. SGT*",39.8
-97.878889,22.238611,TAMS,TMPTP,"Tampico, Tamps.",65.5
-98.422778,22.423889,TAMS,TMSTP,"TamesÌ, Tamps.",40.8
-99.434722,24.252222,TAMS,TOMASENO,"El TomaseÒo, Tamps. SGT*",244.1
-97.804167,25.906111,TAMS,VCATP,"Villa C·rdenas, Tamps.",107.73
-98.666389,23.959444,TAMS,VGRTP,"Vicente Guerrero, Tamps.",95.2
-97.8,25.7,TAMS,VHMTP,"Valle Hermoso, Tamps.",46.27
-99.551111,24.566667,TAMS,VSMTP,"Victoria-San Marcos, Tamps.",57.1
-98.563889,19.586111,TLAX,CPPTL,"Calpulalpan, Tlax.",51.51
-97.769722,19.298889,TLAX,CUATL,"Cuapiaxtla, Tlax.",94.21
-97.6475,19.318056,TLAX,ECTTL,"El Carmen Tequexquitla, Tlax.",106.56
-97.911111,19.315833,TLAX,HMTTL,"Huamantla, Tlax.",87.41
-98.2,19.4,TLAX,OBSTL,"Observatorio de Tlaxcala, Tlax.",68.95
-98.200556,19.556111,TLAX,SJATL,"San JosÈ Atlanga, Tlax.",47
-98.243056,19.219444,TLAX,ZACTL,"Zacatelco, Tlax.",115.3
-97.908056,19.200278,TLAX,ZITTL,"Zitlaltepec, Tlax.",80.03
-96.843889,19.695833,VER,ACAVC,"Acatl·n, Ver.",210.06
-96.583056,19.161111,VER,ACTOPANVER,"Actopan, Ver SGT*",61.8
-96.5875,19.495,VER,ACTVC,"Actopan, Ver.",130.91
-94.144444,18.141667,VER,AGDVC,"Agua Dulce, Ver.",253
-95.016389,18.368611,VER,AGUACAPACFE,"Aguacapa CFE, Ver.",1696.6
-97.68,20.93,VER,ALAVC,"¡lamo Temapache, Ver.",320.03
-97.234722,19.7625,VER,ALTVC,"Altotonga, Ver.",457.74
-96.736111,19.621667,VER,ALUVC,"Alto Lucero, Ver.",113.61
-95.4375,18.583333,VER,ARCVC,"¡ngel Rosario. Cabada, Ver.",986.31
-96.721111,19.705556,VER,ATZVC,"Atzalan, Ver.",516.3
-96.944444,19.588889,VER,BANVC,"Banderillas, Ver.",256
-96.933333,19.483333,VER,BRIVC,"Briones, Ver.",205.53
-95.8,18.3,VER,CCLVC,"Chacaltianguis, Ver.",342.9
-96.994444,19.332778,VER,CDCVC,"Cosautl·n de Carvajal, Ver.",520.01
-96.697778,19.433056,VER,CEGVC,"Cerro Gordo, Ver.",61.8
-96.853611,18.563333,VER,CHMVC,"Chicomapa, Ver.",282.81
-98.155833,21.7375,VER,CHYVC,"Paso de Piedras, Ver.",142.41
-94.406667,18.149722,VER,COATZACOALCOmar,"Coatzacoalcos, Ver. SEMAR*",562.89
-96.939444,19.453889,VER,COAVC,"Coatepec, Ver.",223.71
-96.923056,18.89,VER,CORDOBASGT,"CÛrdoba, Ver. SGT*",348.1
-97.0475,19.073333,VER,COSCOMATEPECB,"Coscomatepec SGT, Ver.",281.1
-96.395,18.834167,VER,COTAXTLAVER,"Cotaxtla, Ver. SGT*",238.8
-94.4,18.1,VER,COTVC,"Coatzacoalcos, Ver.",462.6
-96.374444,19.364722,VER,CRDVC,"Cardel, Ver.",115.5
-96.647222,19.320278,VER,CRRVC,"Carrizal, Ver.",87.03
-95.295833,18.144444,VER,CTTVC,"Coatotolapan, Ver.",313.92
-98.39,21.341389,VER,ELCARDON,"El CardÛn, Ver. SGT*",125.2
-97.458611,21.773611,VER,ELHIGO,"El Higo, Ver. SGT*",119.4
-98.503889,21.832222,VER,ELOLIVO,"El Olivo, Ver. SGT*",94.2
-95.970833,19.040833,VER,ELSALADOmar,"El Salado, Ver. SEMAR*",64.18
-96.36,19.405833,VER,ENRVC,"El Naranjillo, Ver.",216
-97.399167,20.2575,VER,ESPVC,"El Espinal, Ver.",126.12
-96.158333,19.068889,VER,ETEVC,"El Tejar, Ver.",111.2
-95.556944,18.270556,VER,GARVC,"Garro, Ver.",438.65
-98.443889,21.777222,VER,HGOVC,"El Higo, Ver.",75.2
-98.274167,21.160556,VER,HLSVC,"Los Hules, Ver.",225.2
-96.950833,19.181667,VER,HTSVC,"Huatusco, Ver.",242.2
-98.483333,20.533333,VER,HUYVC,"Huayacocotla, Ver.",280.7
-96.554167,19.404167,VER,IDOVC,"Õdolos, Ver.",94.92
-97.2175,21.471667,VER,ISLALOBOSmar,"Isla Lobos, Ver. SEMAR*",496.01
-94.666667,17.95,VER,JALVC,"Jaltip·n, Ver.",474.3
-96.241389,19.042778,VER,JAMAPA,"Jamapa, Ver. SGT*",99.2
-95.033333,17.433333,VER,JCRVC,"Jes˙s Carranza, Ver.",310.41
-94.088889,17.873611,VER,JDCVC,"San JosÈ del Carmen, Ver.",460.9
-97.3,19.816667,VER,JLNVC,"Jalacingo, Ver.",443.5
-97.021111,19.603611,VER,JOYVC,"La Joya, Ver.",248
-95.35,18.25,VER,LAUVC,"Lauchapan, Ver.",417.91
-94.330833,18.109444,VER,LCAVC,"La Cangrejera, Ver.",583.91
-95.445278,18.229722,VER,LCEVC,"La Ceibilla, Ver.",264.92
-95.118333,18.415833,VER,LDCVC,"Canseco, Ver.",1002.1
-97.231944,18.922778,VER,LGRVC,"Loma Grande, Ver.",232
-96.978333,20.051944,VER,LIBVC,"Libertad, Ver.",238.15
-96.39,19.26,VER,LOFVC,"Loma Fina, Ver.",107.04
-97.236944,18.925278,VER,LOMAGRANDE,"Loma Grande, Ver. SMN*",226
-94.916667,17.416667,VER,LPEVC,"Las Perlas, Ver.",395.91
-95.041111,18.362778,VER,MARGARITASCFE,"Las Margaritas CFE, Ver.",1134.6
-97.1,19.65,VER,LVRVC,"Las Vigas de RamÌrez, Ver.",148.2
-97.048333,20.0675,VER,MDTVC,"MartÌnez de la Torre, Ver.",165.61
-96.333333,19.15,VER,MFAVC,"Manlio Fabio Altamirano, Ver.",86.05
-98.045,20.8325,VER,MILVC,"Milcahual, Ver.",214.7
-94.771111,18.135278,VER,MNZVC,"Minzapan, Ver.",478.52
-96.833333,19.933333,VER,MZNVC,"Misantla, Ver.",285.01
-96.872222,19.65,VER,NAOVC,"Naolinco, Ver.",332.05
-95.516667,18.633333,VER,NLTVC,"Naranjal, Lerdo de Tejada, Ver.",857.71
-98.5125,21.840278,VER,OLVVC,"El Olivo, Ver.",96.8
-97.1,18.85,VER,ORZVC,"Orizaba, Ver.",319.02
-96.97,19.55,VER,OTIVC,"Otilpan, Ver.",338.6
-94.692222,18.263889,VER,PAJVC,"Pajap·n, Ver.",1084.3
-98.176667,22.06,VER,PANUCO,"P·nuco, Ver. SGT*",63.8
-98.155833,21.737222,VER,PASODEPIEDRAS,"Paso de Piedras, Ver. SGT*",162.8
-96.4475,19.293056,VER,PASOOVEJAS,"Paso de Ovejas, Ver. SGT*",85
-94.3775,18.103611,VER,PB3VC,"Planta de Bombeo 3 de La Cangrejera, Ver.",632.5
-96.140833,19.041667,VER,PDTVC,"Paso del Toro, Ver.",0.1
-97.814444,21.184444,VER,PEMVC,"Presa el Moralillo, Ver.",169.9
-97.268333,19.545,VER,PEROTESMN,"Perote, Ver. SMN*",27.94
-97.238889,19.580556,VER,PERVC,"Perote, Ver.",69.04
-98.172778,22.053333,VER,PNCVC,"P·nuco, Ver.",65.8
-97.475,20.543333,VER,POZARICA,"Poza Rica, Ver. SGT*",221.4
-97.316667,20.45,VER,PPNVC,"Papantla, Ver.",269.33
-97.478333,20.540833,VER,PRCVC,"Poza Rica, Ver.",208.81
-98.335278,21.293611,VER,PSNVC,"PlatÛn S·nchez, Ver.",222
-96.665,19.043333,VER,PTE4CAMINOS,"Puente Cuatro Caminos, Ver. SGT*",141.3
-96.795278,18.888056,VER,PTNVC,"Potrero Nuevo, Ver.",302.62
-95.627778,18.716667,VER,RALVC,"Radar Alvarado, Ver.",566.81
-97.783333,20.883333,VER,SBTVC,"Sombrerete, Ver.",237.21
-95.133333,17.883333,VER,SJEVC,"San Juan Evangelista, Ver.",288.48
-95.033333,18.516667,VER,SONVC,"Sontecomapan, Ver.",1192.41
-95.212778,18.450833,VER,STXVC,"San AndrÈs Tuxtla AC, Ver.",651.1
-96.488889,19.338889,VER,TAMVC,"Tamarindo, Ver.",80.04
-96.966667,19.45,VER,TAPVC,"Tapachapan, Ver.",323.4
-96.35,18.45,VER,TBLVC,"Tierra Blanca, Ver.",412.8
-95.013333,18.398056,VER,TBNVC,"Tebanca, Ver.",1676
-96.966667,19.383333,VER,TCOVC,"Teocelo, Ver.",356.01
-98.409444,21.499722,VER,TEMPOAL,"Tempoal Veracruz, Ver. SGT*",138.6
-96.860556,19.354722,VER,TEPATLAXCO,"Tepatlaxco, Ver. SGT*",363.2
-95.65,18.6,VER,TLCVC,"Tlacotalpan, Ver.",376.54
-94.163333,17.571944,VER,TMOVC,"Tierra Morada, Ver.",708
-98.383333,21.517222,VER,TMPVC,"Tempoal, Ver.",142.6
-96.916667,19.811111,VER,TNCVC,"Tenochtitl·n, Ver.",311.2
-97.2225,19.921944,VER,TOMVC,"Tomata, Ver.",456.6
-96.950278,19.233611,VER,TOTVC,"Totutla, Ver.",266.8
-98.139167,21.036944,VER,TRRVC,"Terrerillos, Ver.",195.8
-97.4,20.955556,VER,TXPVC,"Tuxpan, Ver.",503.83
-95.416667,18.466667,VER,TZAVC,"Tres Zapotes, Ver.",1083.72
-95.7,18.075,VER,VAZVC,"Villa Azueta, Ver.",49.2
-96.111111,19.154167,VER,VERVC,"Veracruz, Ver.",165.11
-96.613889,19.022222,VER,VTEVC,"Villa Tejeda, Ver.",105.5
-96.85,19.55,VER,XCFVC,"Xalapa CFE, Ver.",134.3
-96.935556,19.547222,VER,XMGVC,"Xalapa Magisterial, Ver.",233.22
-96.916667,19.533333,VER,XOBVC,"Observatorio de Xalapa, Ver.",113.44
-96.871667,19.511667,VER,XOLVC,"Xalapa Olmos, Ver.",70.9
-97.416667,19.433333,VER,ZALVC,"Zalayeta, Ver.",53
-89.681111,20.649444,YUC,ABAYC,"Abala, Yuc.",87.5
-89.218889,19.883056,YUC,BECYC,"BecanchÈn, Yuc.",127.53
-89.081667,20.463056,YUC,CANYC,"Cantamayec, Yuc.",92
-88.473333,20.389444,YUC,CHIYC,"Chan-Chichimil·, Yuc.",53
-89.829444,20.752778,YUC,CHOYC,"Chochol·, Yuc.",82.5
-89.638056,21.03,YUC,CICYC,"Centro de InvestigaciÛn CientÌfica, Yuc.",67.7
-87.676667,21.5125,YUC,CYOYC,"El Cuyo, Yuc.",43.9
-89.583611,20.983889,YUC,EZAYC,"Emiliano Zapata, Yuc.",62.7
-89.644167,20.935278,YUC,FAEYC,"Fuerza AÈrea, Yuc.",53.11
-89.642778,21.048889,YUC,FIYYC,"Fiuady, Yuc.",68.85
-89.658056,20.984167,YUC,GARYC,"Organismo de Cuenca PenÌnsula de Yucat·n, Yuc.",67.31
-89.651111,20.946389,YUC,MEOYC,"Observatorio de MÈrida, Yuc.",91.93
-89.4375,21.105556,YUC,MOCYC,"Mococha, Yuc.",53.5
-89.291667,21.094167,YUC,MTOYC,"Motul, Yuc.",43.53
-89.711667,20.493333,YUC,MUNYC,"Muna, Yuc.",41.13
-89.394722,20.291111,YUC,OXKUTZCAB,"Oxkutzcab, Yuc. SMN*",108.6
-89.394722,20.290556,YUC,OXKYC,"Oxkutzcab, Yuc.",157.05
-88.930833,20.1325,YUC,PETYC,"Peto, Yuc.",133.03
-89.653889,21.275833,YUC,PROYC,"Progreso, Yuc.",14.92
-88.160278,21.571111,YUC,RILYC,"RÌo Lagartos, Yuc. SMN*",38.6
-88.160556,21.571667,YUC,RLAYC,"RÌo Lagartos, Yuc.",40.2
-89.046944,20.030278,YUC,TANYC,"TantaquÌn, Yuc.",167.9
-89.558056,20.397778,YUC,TICYC,"Ticul, Yuc.",112.71
-88.1725,21.158611,YUC,TIZYC,"TizimÌn, Yuc.",62.52
-88.204167,20.69,YUC,VALYC,"Valladolid, Yuc.",33.92
-103.225278,22.327222,ZAC,ACHZC,"Achimec, Zac.",44.82
-103.459167,21.811389,ZAC,ATGZC,"Atolinga, Zac.",51.51
-102.953333,22.824167,ZAC,BTEZC,"RamÛn LÛpez Velarde, Zac.",110.01
-102.896111,21.997222,ZAC,CHIZC,"El Chique, Zac.",46.11
-101.389167,24.621389,ZAC,CORZC,"ConcepciÛn del Oro, Zac.",76
-102.347222,22.453056,ZAC,CUAZC,"Ciudad CuauhtÈmoc, Zac.",41
-103.098333,23.693333,ZAC,ELCZC,"El Cazadero, Zac.",84.93
-102.040833,22.673056,ZAC,ELSZC,"El Saladillo, Zac.",33.03
-103.35,21.645833,ZAC,EXCZC,"Miguel Alem·n, Zac.",48.53
-102.890833,23.173889,ZAC,FREZC,"Fresnillo, Zac.",62.5
-103.093333,22.933333,ZAC,GJAZC,"General JoaquÌn Amaro, Zac.",40.02
-102.506667,22.746667,ZAC,GPEZC,"Guadalupe, Zac.",28.52
-102.46,22.4875,ZAC,GRCZC,"Genaro Codina, Zac.",54.04
-103.114167,21.404722,ZAC,JCHZC,"Juchipila, Zac.",25.9
-103.001944,22.642778,ZAC,JERZC,"Jerez, Zac.",43.54
-102.566944,22.778889,ZAC,LBUZC,"La Bufa, Zac.",17.5
-103.603056,22.686944,ZAC,LFLZC,"La Florida, Zac.",102.51
-102.660556,22.996944,ZAC,LLBZC,"Llano Blanco, Zac.",36.12
-102.251667,22.438611,ZAC,LMOZC,"Luis Moya, Zac.",39.8
-103.382778,22.845278,ZAC,LOBZC,"Manuel Felgueres, Zac.",74.3
-101.985556,22.264722,ZAC,LORZC,"Loreto, Zac.",45
-103.216944,23.18,ZAC,LREZC,"Gobernador Leobardo Reynoso, Zac.",94.7
-103.443056,24.287222,ZAC,MGAZC,"Miguel Auza, Zac.",95.9
-103.363889,21.2125,ZAC,MORZC,"Mezquital del Oro, Zac.",73
-103.561667,22.306944,ZAC,MRSZC,"Monte Escobedo, Zac.",84.03
-102.845556,21.3575,ZAC,NCTZC,"Nochistl·n, Zac.",63.91
-102.615,24.983056,ZAC,NTAZC,"Nuevo Tampico, Zac.",40.62
-102.269444,22.577778,ZAC,OCAZC,"Ojo Caliente, Zac.",82.2
-102.798056,22.347778,ZAC,PALZC,"Palomas, Zac.",66.7
-101.399167,22.1175,ZAC,PINZC,"Pino Su·rez, Zac.",32.3
-102.903611,21.711111,ZAC,PMOZC,"MoraleÒos, Zac.",38.6
-103.025833,23.816944,ZAC,RGRZC,"RÌo Grande, Zac.",73.5
-102.884444,24.322222,ZAC,SFOZC,"San Francisco, Zac.",49.61
-103.506111,24.288611,ZAC,SGOZC,"Santiago, Zac.",70.3
-103.636667,23.638889,ZAC,SOMZC,"Sombrerete, Zac.",91.5
-103.495833,22.326667,ZAC,STEZC,"Santa Teresa (Independencia Nacional), Zac.",60.7
-103.108889,22.923611,ZAC,STRZC,"Santa Rosa, Zac.",96.81
-102.864167,22.120556,ZAC,TAYZC,"Ing. Juli·n Adame Alatorre, Zac.",81.2
-103.879722,23.471944,ZAC,TCHZC,"Chalchihuites, Zac.",65.4
-103.461944,21.468611,ZAC,TGOZC,"Te˙l de Gonz·lez Ortega, Zac.",74.02
-103.309444,21.773611,ZAC,TLLZC,"Tlaltenango, Zac.",58.03
-102.344167,23.288611,ZAC,VCOZC,"Villa de Cos, Zac.",66
-101.916944,22.520278,ZAC,VGOZC,"Villa Gonz·lez Ortega, Zac.",40.24
-101.715833,22.3475,ZAC,VHGZC,"Villa Hidalgo, Zac.",39.53
-103.3375,21.588889,ZAC,VILZC,"JosÈ MarÌa Morelos, Zac.",48.6
-102.576667,22.761389,ZAC,ZACZC,"Zacatecas, Zac.",23.53
